<?xml version="1.0" encoding="UTF-8"?>
<kml xmlns="http://www.opengis.net/kml/2.2" xmlns:gx="http://www.google.com/kml/ext/2.2" xmlns:kml="http://www.opengis.net/kml/2.2" xmlns:atom="http://www.w3.org/2005/Atom">
<Document>
	<name>BBMP dry waste collection centres</name>
	<open>1</open>
	<Schema name="bbmp_dry_waste_collection_centres" id="J_bbmp_dry_waste_collection_centres_SSSIISI">
		<SimpleField type="string" name="DWCCName"><displayName>DWCCName</displayName>
</SimpleField>
		<SimpleField type="string" name="DepartmentCode"><displayName>DepartmentCode</displayName>
</SimpleField>
		<SimpleField type="string" name="KGISCode"><displayName>KGISCode</displayName>
</SimpleField>
		<SimpleField type="int" name="KGISDWCCID"><displayName>KGISDWCCID</displayName>
</SimpleField>
		<SimpleField type="int" name="KGISVillageID"><displayName>KGISVillageID</displayName>
</SimpleField>
		<SimpleField type="string" name="KGISWardID"><displayName>KGISWardID</displayName>
</SimpleField>
		<SimpleField type="int" name="OBJECTID"><displayName>OBJECTID</displayName>
</SimpleField>
	</Schema>
	<Style id="bbmp_dry_waste_collection_centres_style">
		<BalloonStyle>
			<text><![CDATA[<table border="0">
  <tr><td><b>$[bbmp_dry_waste_collection_centres/DWCCName/displayName]</b></td><td>$[bbmp_dry_waste_collection_centres/DWCCName]</td></tr>
  <tr><td><b>$[bbmp_dry_waste_collection_centres/DepartmentCode/displayName]</b></td><td>$[bbmp_dry_waste_collection_centres/DepartmentCode]</td></tr>
  <tr><td><b>$[bbmp_dry_waste_collection_centres/KGISCode/displayName]</b></td><td>$[bbmp_dry_waste_collection_centres/KGISCode]</td></tr>
  <tr><td><b>$[bbmp_dry_waste_collection_centres/KGISDWCCID/displayName]</b></td><td>$[bbmp_dry_waste_collection_centres/KGISDWCCID]</td></tr>
  <tr><td><b>$[bbmp_dry_waste_collection_centres/KGISVillageID/displayName]</b></td><td>$[bbmp_dry_waste_collection_centres/KGISVillageID]</td></tr>
  <tr><td><b>$[bbmp_dry_waste_collection_centres/KGISWardID/displayName]</b></td><td>$[bbmp_dry_waste_collection_centres/KGISWardID]</td></tr>
  <tr><td><b>$[bbmp_dry_waste_collection_centres/OBJECTID/displayName]</b></td><td>$[bbmp_dry_waste_collection_centres/OBJECTID]</td></tr>
</table>
$[description]]]></text>
		</BalloonStyle>
	</Style>
	<Placemark>
		<styleUrl>#bbmp_dry_waste_collection_centres_style</styleUrl>
		<ExtendedData>
			<SchemaData schemaUrl="#J_bbmp_dry_waste_collection_centres_SSSIISI">
				<SimpleData name="DWCCName">KEMPEGOWDA </SimpleData>
				<SimpleData name="DepartmentCode">1</SimpleData>
				<SimpleData name="KGISCode">29572055428031620000URBMPPUGENDWC0001</SimpleData>
				<SimpleData name="KGISDWCCID">1</SimpleData>
				<SimpleData name="KGISVillageID">15420</SimpleData>
				<SimpleData name="KGISWardID">1</SimpleData>
				<SimpleData name="OBJECTID">1</SimpleData>
			</SchemaData>
		</ExtendedData>
		<Point>
			<coordinates>77.576778,13.10928,0</coordinates>
		</Point>
	</Placemark>
	<Placemark>
		<styleUrl>#bbmp_dry_waste_collection_centres_style</styleUrl>
		<ExtendedData>
			<SchemaData schemaUrl="#J_bbmp_dry_waste_collection_centres_SSSIISI">
				<SimpleData name="DWCCName">DODDABOMMSANDRA</SimpleData>
				<SimpleData name="DepartmentCode">10</SimpleData>
				<SimpleData name="KGISCode">29572055428031620000URBMPPUGENDWC0010</SimpleData>
				<SimpleData name="KGISDWCCID">10</SimpleData>
				<SimpleData name="KGISVillageID">15436</SimpleData>
				<SimpleData name="KGISWardID">10</SimpleData>
				<SimpleData name="OBJECTID">2</SimpleData>
			</SchemaData>
		</ExtendedData>
		<Point>
			<coordinates>77.563879,13.06894,0</coordinates>
		</Point>
	</Placemark>
	<Placemark>
		<styleUrl>#bbmp_dry_waste_collection_centres_style</styleUrl>
		<ExtendedData>
			<SchemaData schemaUrl="#J_bbmp_dry_waste_collection_centres_SSSIISI">
				<SimpleData name="DWCCName">AZAD NAGAR</SimpleData>
				<SimpleData name="DepartmentCode">100</SimpleData>
				<SimpleData name="KGISCode">29572055428031620000URBMPPUGENDWC0100</SimpleData>
				<SimpleData name="KGISDWCCID">100</SimpleData>
				<SimpleData name="KGISVillageID">15131</SimpleData>
				<SimpleData name="KGISWardID">141</SimpleData>
				<SimpleData name="OBJECTID">3</SimpleData>
			</SchemaData>
		</ExtendedData>
		<Point>
			<coordinates>77.551614,12.952,0</coordinates>
		</Point>
	</Placemark>
	<Placemark>
		<styleUrl>#bbmp_dry_waste_collection_centres_style</styleUrl>
		<ExtendedData>
			<SchemaData schemaUrl="#J_bbmp_dry_waste_collection_centres_SSSIISI">
				<SimpleData name="DWCCName">SUNKENAHALLI</SimpleData>
				<SimpleData name="DepartmentCode">101</SimpleData>
				<SimpleData name="KGISCode">29572055428031620000URBMPPUGENDWC0101</SimpleData>
				<SimpleData name="KGISDWCCID">101</SimpleData>
				<SimpleData name="KGISVillageID">15104</SimpleData>
				<SimpleData name="KGISWardID">142</SimpleData>
				<SimpleData name="OBJECTID">4</SimpleData>
			</SchemaData>
		</ExtendedData>
		<Point>
			<coordinates>77.573519,12.95221,0</coordinates>
		</Point>
	</Placemark>
	<Placemark>
		<styleUrl>#bbmp_dry_waste_collection_centres_style</styleUrl>
		<ExtendedData>
			<SchemaData schemaUrl="#J_bbmp_dry_waste_collection_centres_SSSIISI">
				<SimpleData name="DWCCName">VISHVESHWARA PURAM</SimpleData>
				<SimpleData name="DepartmentCode">102</SimpleData>
				<SimpleData name="KGISCode">29572055428031620000URBMPPUGENDWC0102</SimpleData>
				<SimpleData name="KGISDWCCID">102</SimpleData>
				<SimpleData name="KGISVillageID">15104</SimpleData>
				<SimpleData name="KGISWardID">143</SimpleData>
				<SimpleData name="OBJECTID">5</SimpleData>
			</SchemaData>
		</ExtendedData>
		<Point>
			<coordinates>77.57386700000001,12.95279,0</coordinates>
		</Point>
	</Placemark>
	<Placemark>
		<styleUrl>#bbmp_dry_waste_collection_centres_style</styleUrl>
		<ExtendedData>
			<SchemaData schemaUrl="#J_bbmp_dry_waste_collection_centres_SSSIISI">
				<SimpleData name="DWCCName">SIDAPURA</SimpleData>
				<SimpleData name="DepartmentCode">103</SimpleData>
				<SimpleData name="KGISCode">29572055428031620000URBMPPUGENDWC0103</SimpleData>
				<SimpleData name="KGISDWCCID">103</SimpleData>
				<SimpleData name="KGISVillageID">15535</SimpleData>
				<SimpleData name="KGISWardID">144</SimpleData>
				<SimpleData name="OBJECTID">6</SimpleData>
			</SchemaData>
		</ExtendedData>
		<Point>
			<coordinates>77.60047,12.94393,0</coordinates>
		</Point>
	</Placemark>
	<Placemark>
		<styleUrl>#bbmp_dry_waste_collection_centres_style</styleUrl>
		<ExtendedData>
			<SchemaData schemaUrl="#J_bbmp_dry_waste_collection_centres_SSSIISI">
				<SimpleData name="DWCCName">HOMBEGOWDANAGAR</SimpleData>
				<SimpleData name="DepartmentCode">104</SimpleData>
				<SimpleData name="KGISCode">29572055428031620000URBMPPUGENDWC0104</SimpleData>
				<SimpleData name="KGISDWCCID">104</SimpleData>
				<SimpleData name="KGISVillageID">15535</SimpleData>
				<SimpleData name="KGISWardID">145</SimpleData>
				<SimpleData name="OBJECTID">7</SimpleData>
			</SchemaData>
		</ExtendedData>
		<Point>
			<coordinates>77.600469,12.94391,0</coordinates>
		</Point>
	</Placemark>
	<Placemark>
		<styleUrl>#bbmp_dry_waste_collection_centres_style</styleUrl>
		<ExtendedData>
			<SchemaData schemaUrl="#J_bbmp_dry_waste_collection_centres_SSSIISI">
				<SimpleData name="DWCCName">EJIPURA</SimpleData>
				<SimpleData name="DepartmentCode">105</SimpleData>
				<SimpleData name="KGISCode">29572055428031620000URBMPPUGENDWC0105</SimpleData>
				<SimpleData name="KGISDWCCID">105</SimpleData>
				<SimpleData name="KGISVillageID">15530</SimpleData>
				<SimpleData name="KGISWardID">148</SimpleData>
				<SimpleData name="OBJECTID">8</SimpleData>
			</SchemaData>
		</ExtendedData>
		<Point>
			<coordinates>77.620897,12.94994,0</coordinates>
		</Point>
	</Placemark>
	<Placemark>
		<styleUrl>#bbmp_dry_waste_collection_centres_style</styleUrl>
		<ExtendedData>
			<SchemaData schemaUrl="#J_bbmp_dry_waste_collection_centres_SSSIISI">
				<SimpleData name="DWCCName">KORAMANGALA</SimpleData>
				<SimpleData name="DepartmentCode">106</SimpleData>
				<SimpleData name="KGISCode">29572055428031620000URBMPPUGENDWC0106</SimpleData>
				<SimpleData name="KGISDWCCID">106</SimpleData>
				<SimpleData name="KGISVillageID">15530</SimpleData>
				<SimpleData name="KGISWardID">151</SimpleData>
				<SimpleData name="OBJECTID">9</SimpleData>
			</SchemaData>
		</ExtendedData>
		<Point>
			<coordinates>77.61465,12.934294,0</coordinates>
		</Point>
	</Placemark>
	<Placemark>
		<styleUrl>#bbmp_dry_waste_collection_centres_style</styleUrl>
		<ExtendedData>
			<SchemaData schemaUrl="#J_bbmp_dry_waste_collection_centres_SSSIISI">
				<SimpleData name="DWCCName">SUDDAGUNTE PALYA</SimpleData>
				<SimpleData name="DepartmentCode">107</SimpleData>
				<SimpleData name="KGISCode">29572055428031620000URBMPPUGENDWC0107</SimpleData>
				<SimpleData name="KGISDWCCID">107</SimpleData>
				<SimpleData name="KGISVillageID">15680</SimpleData>
				<SimpleData name="KGISWardID">152</SimpleData>
				<SimpleData name="OBJECTID">10</SimpleData>
			</SchemaData>
		</ExtendedData>
		<Point>
			<coordinates>77.601585,12.92716,0</coordinates>
		</Point>
	</Placemark>
	<Placemark>
		<styleUrl>#bbmp_dry_waste_collection_centres_style</styleUrl>
		<ExtendedData>
			<SchemaData schemaUrl="#J_bbmp_dry_waste_collection_centres_SSSIISI">
				<SimpleData name="DWCCName">JAYANAGAR</SimpleData>
				<SimpleData name="DepartmentCode">108</SimpleData>
				<SimpleData name="KGISCode">29572055428031620000URBMPPUGENDWC0108</SimpleData>
				<SimpleData name="KGISDWCCID">108</SimpleData>
				<SimpleData name="KGISVillageID">15535</SimpleData>
				<SimpleData name="KGISWardID">153</SimpleData>
				<SimpleData name="OBJECTID">11</SimpleData>
			</SchemaData>
		</ExtendedData>
		<Point>
			<coordinates>77.60047,12.94391,0</coordinates>
		</Point>
	</Placemark>
	<Placemark>
		<styleUrl>#bbmp_dry_waste_collection_centres_style</styleUrl>
		<ExtendedData>
			<SchemaData schemaUrl="#J_bbmp_dry_waste_collection_centres_SSSIISI">
				<SimpleData name="DWCCName">HANUMANTHANAGAR</SimpleData>
				<SimpleData name="DepartmentCode">109</SimpleData>
				<SimpleData name="KGISCode">29572055428031620000URBMPPUGENDWC0109</SimpleData>
				<SimpleData name="KGISDWCCID">109</SimpleData>
				<SimpleData name="KGISVillageID">15099</SimpleData>
				<SimpleData name="KGISWardID">155</SimpleData>
				<SimpleData name="OBJECTID">12</SimpleData>
			</SchemaData>
		</ExtendedData>
		<Point>
			<coordinates>77.558509,12.94938,0</coordinates>
		</Point>
	</Placemark>
	<Placemark>
		<styleUrl>#bbmp_dry_waste_collection_centres_style</styleUrl>
		<ExtendedData>
			<SchemaData schemaUrl="#J_bbmp_dry_waste_collection_centres_SSSIISI">
				<SimpleData name="DWCCName">KUVEMPUNAGARA</SimpleData>
				<SimpleData name="DepartmentCode">11</SimpleData>
				<SimpleData name="KGISCode">29572055428031620000URBMPPUGENDWC0011</SimpleData>
				<SimpleData name="KGISDWCCID">11</SimpleData>
				<SimpleData name="KGISVillageID">15424</SimpleData>
				<SimpleData name="KGISWardID">11</SimpleData>
				<SimpleData name="OBJECTID">13</SimpleData>
			</SchemaData>
		</ExtendedData>
		<Point>
			<coordinates>77.540406,13.08489,0</coordinates>
		</Point>
	</Placemark>
	<Placemark>
		<styleUrl>#bbmp_dry_waste_collection_centres_style</styleUrl>
		<ExtendedData>
			<SchemaData schemaUrl="#J_bbmp_dry_waste_collection_centres_SSSIISI">
				<SimpleData name="DWCCName">SRI NAGAR</SimpleData>
				<SimpleData name="DepartmentCode">110</SimpleData>
				<SimpleData name="KGISCode">29572055428031620000URBMPPUGENDWC0110</SimpleData>
				<SimpleData name="KGISDWCCID">110</SimpleData>
				<SimpleData name="KGISVillageID">15099</SimpleData>
				<SimpleData name="KGISWardID">156</SimpleData>
				<SimpleData name="OBJECTID">14</SimpleData>
			</SchemaData>
		</ExtendedData>
		<Point>
			<coordinates>77.553112,12.9483,0</coordinates>
		</Point>
	</Placemark>
	<Placemark>
		<styleUrl>#bbmp_dry_waste_collection_centres_style</styleUrl>
		<ExtendedData>
			<SchemaData schemaUrl="#J_bbmp_dry_waste_collection_centres_SSSIISI">
				<SimpleData name="DWCCName">GALI ANJANEYA </SimpleData>
				<SimpleData name="DepartmentCode">111</SimpleData>
				<SimpleData name="KGISCode">29572055428031620000URBMPPUGENDWC0111</SimpleData>
				<SimpleData name="KGISDWCCID">111</SimpleData>
				<SimpleData name="KGISVillageID">15678</SimpleData>
				<SimpleData name="KGISWardID">157</SimpleData>
				<SimpleData name="OBJECTID">15</SimpleData>
			</SchemaData>
		</ExtendedData>
		<Point>
			<coordinates>77.548455,12.9461,0</coordinates>
		</Point>
	</Placemark>
	<Placemark>
		<styleUrl>#bbmp_dry_waste_collection_centres_style</styleUrl>
		<ExtendedData>
			<SchemaData schemaUrl="#J_bbmp_dry_waste_collection_centres_SSSIISI">
				<SimpleData name="DWCCName">DEEPANJALI</SimpleData>
				<SimpleData name="DepartmentCode">112</SimpleData>
				<SimpleData name="KGISCode">29572055428031620000URBMPPUGENDWC0112</SimpleData>
				<SimpleData name="KGISDWCCID">112</SimpleData>
				<SimpleData name="KGISVillageID">15678</SimpleData>
				<SimpleData name="KGISWardID">158</SimpleData>
				<SimpleData name="OBJECTID">16</SimpleData>
			</SchemaData>
		</ExtendedData>
		<Point>
			<coordinates>77.543603,12.94318,0</coordinates>
		</Point>
	</Placemark>
	<Placemark>
		<styleUrl>#bbmp_dry_waste_collection_centres_style</styleUrl>
		<ExtendedData>
			<SchemaData schemaUrl="#J_bbmp_dry_waste_collection_centres_SSSIISI">
				<SimpleData name="DWCCName">KENGERI</SimpleData>
				<SimpleData name="DepartmentCode">113</SimpleData>
				<SimpleData name="KGISCode">29572055428031620000URBMPPUGENDWC0113</SimpleData>
				<SimpleData name="KGISDWCCID">113</SimpleData>
				<SimpleData name="KGISVillageID">15582</SimpleData>
				<SimpleData name="KGISWardID">159</SimpleData>
				<SimpleData name="OBJECTID">17</SimpleData>
			</SchemaData>
		</ExtendedData>
		<Point>
			<coordinates>77.481763,12.91477,0</coordinates>
		</Point>
	</Placemark>
	<Placemark>
		<styleUrl>#bbmp_dry_waste_collection_centres_style</styleUrl>
		<ExtendedData>
			<SchemaData schemaUrl="#J_bbmp_dry_waste_collection_centres_SSSIISI">
				<SimpleData name="DWCCName">R.R.NAGAR</SimpleData>
				<SimpleData name="DepartmentCode">114</SimpleData>
				<SimpleData name="KGISCode">29572055428031620000URBMPPUGENDWC0114</SimpleData>
				<SimpleData name="KGISDWCCID">114</SimpleData>
				<SimpleData name="KGISVillageID">15581</SimpleData>
				<SimpleData name="KGISWardID">160</SimpleData>
				<SimpleData name="OBJECTID">18</SimpleData>
			</SchemaData>
		</ExtendedData>
		<Point>
			<coordinates>77.51368100000001,12.93327,0</coordinates>
		</Point>
	</Placemark>
	<Placemark>
		<styleUrl>#bbmp_dry_waste_collection_centres_style</styleUrl>
		<ExtendedData>
			<SchemaData schemaUrl="#J_bbmp_dry_waste_collection_centres_SSSIISI">
				<SimpleData name="DWCCName">HOSAKEREHALLI</SimpleData>
				<SimpleData name="DepartmentCode">115</SimpleData>
				<SimpleData name="KGISCode">29572055428031620000URBMPPUGENDWC0115</SimpleData>
				<SimpleData name="KGISDWCCID">115</SimpleData>
				<SimpleData name="KGISVillageID">15697</SimpleData>
				<SimpleData name="KGISWardID">161</SimpleData>
				<SimpleData name="OBJECTID">19</SimpleData>
			</SchemaData>
		</ExtendedData>
		<Point>
			<coordinates>77.556546,12.90675,0</coordinates>
		</Point>
	</Placemark>
	<Placemark>
		<styleUrl>#bbmp_dry_waste_collection_centres_style</styleUrl>
		<ExtendedData>
			<SchemaData schemaUrl="#J_bbmp_dry_waste_collection_centres_SSSIISI">
				<SimpleData name="DWCCName">GIRINAGAR</SimpleData>
				<SimpleData name="DepartmentCode">116</SimpleData>
				<SimpleData name="KGISCode">29572055428031620000URBMPPUGENDWC0116</SimpleData>
				<SimpleData name="KGISDWCCID">116</SimpleData>
				<SimpleData name="KGISVillageID">15688</SimpleData>
				<SimpleData name="KGISWardID">162</SimpleData>
				<SimpleData name="OBJECTID">20</SimpleData>
			</SchemaData>
		</ExtendedData>
		<Point>
			<coordinates>77.53958299999999,12.93568,0</coordinates>
		</Point>
	</Placemark>
	<Placemark>
		<styleUrl>#bbmp_dry_waste_collection_centres_style</styleUrl>
		<ExtendedData>
			<SchemaData schemaUrl="#J_bbmp_dry_waste_collection_centres_SSSIISI">
				<SimpleData name="DWCCName">KATRIGUPPE</SimpleData>
				<SimpleData name="DepartmentCode">117</SimpleData>
				<SimpleData name="KGISCode">29572055428031620000URBMPPUGENDWC0117</SimpleData>
				<SimpleData name="KGISDWCCID">117</SimpleData>
				<SimpleData name="KGISVillageID">15101</SimpleData>
				<SimpleData name="KGISWardID">163</SimpleData>
				<SimpleData name="OBJECTID">21</SimpleData>
			</SchemaData>
		</ExtendedData>
		<Point>
			<coordinates>77.553432,12.93398,0</coordinates>
		</Point>
	</Placemark>
	<Placemark>
		<styleUrl>#bbmp_dry_waste_collection_centres_style</styleUrl>
		<ExtendedData>
			<SchemaData schemaUrl="#J_bbmp_dry_waste_collection_centres_SSSIISI">
				<SimpleData name="DWCCName">VIDYAPEETA</SimpleData>
				<SimpleData name="DepartmentCode">118</SimpleData>
				<SimpleData name="KGISCode">29572055428031620000URBMPPUGENDWC0118</SimpleData>
				<SimpleData name="KGISDWCCID">118</SimpleData>
				<SimpleData name="KGISVillageID">15721</SimpleData>
				<SimpleData name="KGISWardID">164</SimpleData>
				<SimpleData name="OBJECTID">22</SimpleData>
			</SchemaData>
		</ExtendedData>
		<Point>
			<coordinates>77.56331,12.932375,0</coordinates>
		</Point>
	</Placemark>
	<Placemark>
		<styleUrl>#bbmp_dry_waste_collection_centres_style</styleUrl>
		<ExtendedData>
			<SchemaData schemaUrl="#J_bbmp_dry_waste_collection_centres_SSSIISI">
				<SimpleData name="DWCCName">GANESH MANDIRA</SimpleData>
				<SimpleData name="DepartmentCode">119</SimpleData>
				<SimpleData name="KGISCode">29572055428031620000URBMPPUGENDWC0119</SimpleData>
				<SimpleData name="KGISDWCCID">119</SimpleData>
				<SimpleData name="KGISVillageID">15721</SimpleData>
				<SimpleData name="KGISWardID">165</SimpleData>
				<SimpleData name="OBJECTID">23</SimpleData>
			</SchemaData>
		</ExtendedData>
		<Point>
			<coordinates>77.570166,12.92729,0</coordinates>
		</Point>
	</Placemark>
	<Placemark>
		<styleUrl>#bbmp_dry_waste_collection_centres_style</styleUrl>
		<ExtendedData>
			<SchemaData schemaUrl="#J_bbmp_dry_waste_collection_centres_SSSIISI">
				<SimpleData name="DWCCName">SHETTYHALLI</SimpleData>
				<SimpleData name="DepartmentCode">12</SimpleData>
				<SimpleData name="KGISCode">29572055428031620000URBMPPUGENDWC0012</SimpleData>
				<SimpleData name="KGISDWCCID">12</SimpleData>
				<SimpleData name="KGISVillageID">15449</SimpleData>
				<SimpleData name="KGISWardID">12</SimpleData>
				<SimpleData name="OBJECTID">24</SimpleData>
			</SchemaData>
		</ExtendedData>
		<Point>
			<coordinates>77.531312,13.0721,0</coordinates>
		</Point>
	</Placemark>
	<Placemark>
		<styleUrl>#bbmp_dry_waste_collection_centres_style</styleUrl>
		<ExtendedData>
			<SchemaData schemaUrl="#J_bbmp_dry_waste_collection_centres_SSSIISI">
				<SimpleData name="DWCCName">KANISANDRA</SimpleData>
				<SimpleData name="DepartmentCode">120</SimpleData>
				<SimpleData name="KGISCode">29572055428031620000URBMPPUGENDWC0120</SimpleData>
				<SimpleData name="KGISDWCCID">120</SimpleData>
				<SimpleData name="KGISVillageID">15702</SimpleData>
				<SimpleData name="KGISWardID">166</SimpleData>
				<SimpleData name="OBJECTID">25</SimpleData>
			</SchemaData>
		</ExtendedData>
		<Point>
			<coordinates>77.56950999999999,12.918245,0</coordinates>
		</Point>
	</Placemark>
	<Placemark>
		<styleUrl>#bbmp_dry_waste_collection_centres_style</styleUrl>
		<ExtendedData>
			<SchemaData schemaUrl="#J_bbmp_dry_waste_collection_centres_SSSIISI">
				<SimpleData name="DWCCName">YEDIYUR</SimpleData>
				<SimpleData name="DepartmentCode">121</SimpleData>
				<SimpleData name="KGISCode">29572055428031620000URBMPPUGENDWC0121</SimpleData>
				<SimpleData name="KGISDWCCID">121</SimpleData>
				<SimpleData name="KGISVillageID">15720</SimpleData>
				<SimpleData name="KGISWardID">167</SimpleData>
				<SimpleData name="OBJECTID">26</SimpleData>
			</SchemaData>
		</ExtendedData>
		<Point>
			<coordinates>77.577196,12.93261,0</coordinates>
		</Point>
	</Placemark>
	<Placemark>
		<styleUrl>#bbmp_dry_waste_collection_centres_style</styleUrl>
		<ExtendedData>
			<SchemaData schemaUrl="#J_bbmp_dry_waste_collection_centres_SSSIISI">
				<SimpleData name="DWCCName">PATTABHINAGAAR</SimpleData>
				<SimpleData name="DepartmentCode">122</SimpleData>
				<SimpleData name="KGISCode">29572055428031620000URBMPPUGENDWC0122</SimpleData>
				<SimpleData name="KGISDWCCID">122</SimpleData>
				<SimpleData name="KGISVillageID">15682</SimpleData>
				<SimpleData name="KGISWardID">168</SimpleData>
				<SimpleData name="OBJECTID">27</SimpleData>
			</SchemaData>
		</ExtendedData>
		<Point>
			<coordinates>77.580471,12.93228,0</coordinates>
		</Point>
	</Placemark>
	<Placemark>
		<styleUrl>#bbmp_dry_waste_collection_centres_style</styleUrl>
		<ExtendedData>
			<SchemaData schemaUrl="#J_bbmp_dry_waste_collection_centres_SSSIISI">
				<SimpleData name="DWCCName">BYRASANDRA</SimpleData>
				<SimpleData name="DepartmentCode">123</SimpleData>
				<SimpleData name="KGISCode">29572055428031620000URBMPPUGENDWC0123</SimpleData>
				<SimpleData name="KGISDWCCID">123</SimpleData>
				<SimpleData name="KGISVillageID">15682</SimpleData>
				<SimpleData name="KGISWardID">169</SimpleData>
				<SimpleData name="OBJECTID">28</SimpleData>
			</SchemaData>
		</ExtendedData>
		<Point>
			<coordinates>77.580471,12.93232,0</coordinates>
		</Point>
	</Placemark>
	<Placemark>
		<styleUrl>#bbmp_dry_waste_collection_centres_style</styleUrl>
		<ExtendedData>
			<SchemaData schemaUrl="#J_bbmp_dry_waste_collection_centres_SSSIISI">
				<SimpleData name="DWCCName">JAYANAGAR EAST</SimpleData>
				<SimpleData name="DepartmentCode">124</SimpleData>
				<SimpleData name="KGISCode">29572055428031620000URBMPPUGENDWC0124</SimpleData>
				<SimpleData name="KGISDWCCID">124</SimpleData>
				<SimpleData name="KGISVillageID">15545</SimpleData>
				<SimpleData name="KGISWardID">170</SimpleData>
				<SimpleData name="OBJECTID">29</SimpleData>
			</SchemaData>
		</ExtendedData>
		<Point>
			<coordinates>77.599874,12.91651,0</coordinates>
		</Point>
	</Placemark>
	<Placemark>
		<styleUrl>#bbmp_dry_waste_collection_centres_style</styleUrl>
		<ExtendedData>
			<SchemaData schemaUrl="#J_bbmp_dry_waste_collection_centres_SSSIISI">
				<SimpleData name="DWCCName">GURAPPANA PALYA</SimpleData>
				<SimpleData name="DepartmentCode">125</SimpleData>
				<SimpleData name="KGISCode">29572055428031620000URBMPPUGENDWC0125</SimpleData>
				<SimpleData name="KGISDWCCID">125</SimpleData>
				<SimpleData name="KGISVillageID">15545</SimpleData>
				<SimpleData name="KGISWardID">171</SimpleData>
				<SimpleData name="OBJECTID">30</SimpleData>
			</SchemaData>
		</ExtendedData>
		<Point>
			<coordinates>77.599874,12.91651,0</coordinates>
		</Point>
	</Placemark>
	<Placemark>
		<styleUrl>#bbmp_dry_waste_collection_centres_style</styleUrl>
		<ExtendedData>
			<SchemaData schemaUrl="#J_bbmp_dry_waste_collection_centres_SSSIISI">
				<SimpleData name="DWCCName">MADIVALA</SimpleData>
				<SimpleData name="DepartmentCode">126</SimpleData>
				<SimpleData name="KGISCode">29572055428031620000URBMPPUGENDWC0126</SimpleData>
				<SimpleData name="KGISDWCCID">126</SimpleData>
				<SimpleData name="KGISVillageID">15545</SimpleData>
				<SimpleData name="KGISWardID">172</SimpleData>
				<SimpleData name="OBJECTID">31</SimpleData>
			</SchemaData>
		</ExtendedData>
		<Point>
			<coordinates>77.614484,12.9234,0</coordinates>
		</Point>
	</Placemark>
	<Placemark>
		<styleUrl>#bbmp_dry_waste_collection_centres_style</styleUrl>
		<ExtendedData>
			<SchemaData schemaUrl="#J_bbmp_dry_waste_collection_centres_SSSIISI">
				<SimpleData name="DWCCName">HSR LAYOUT</SimpleData>
				<SimpleData name="DepartmentCode">127</SimpleData>
				<SimpleData name="KGISCode">29572055428031620000URBMPPUGENDWC0127</SimpleData>
				<SimpleData name="KGISDWCCID">127</SimpleData>
				<SimpleData name="KGISVillageID">15517</SimpleData>
				<SimpleData name="KGISWardID">174</SimpleData>
				<SimpleData name="OBJECTID">32</SimpleData>
			</SchemaData>
		</ExtendedData>
		<Point>
			<coordinates>77.649028,12.91263,0</coordinates>
		</Point>
	</Placemark>
	<Placemark>
		<styleUrl>#bbmp_dry_waste_collection_centres_style</styleUrl>
		<ExtendedData>
			<SchemaData schemaUrl="#J_bbmp_dry_waste_collection_centres_SSSIISI">
				<SimpleData name="DWCCName">BOMMANHALLI</SimpleData>
				<SimpleData name="DepartmentCode">128</SimpleData>
				<SimpleData name="KGISCode">29572055428031620000URBMPPUGENDWC0128</SimpleData>
				<SimpleData name="KGISDWCCID">128</SimpleData>
				<SimpleData name="KGISVillageID">15511</SimpleData>
				<SimpleData name="KGISWardID">175</SimpleData>
				<SimpleData name="OBJECTID">33</SimpleData>
			</SchemaData>
		</ExtendedData>
		<Point>
			<coordinates>77.615624,12.88328,0</coordinates>
		</Point>
	</Placemark>
	<Placemark>
		<styleUrl>#bbmp_dry_waste_collection_centres_style</styleUrl>
		<ExtendedData>
			<SchemaData schemaUrl="#J_bbmp_dry_waste_collection_centres_SSSIISI">
				<SimpleData name="DWCCName">BTM LAYOUT</SimpleData>
				<SimpleData name="DepartmentCode">129</SimpleData>
				<SimpleData name="KGISCode">29572055428031620000URBMPPUGENDWC0129</SimpleData>
				<SimpleData name="KGISDWCCID">129</SimpleData>
				<SimpleData name="KGISVillageID">15536</SimpleData>
				<SimpleData name="KGISWardID">176</SimpleData>
				<SimpleData name="OBJECTID">34</SimpleData>
			</SchemaData>
		</ExtendedData>
		<Point>
			<coordinates>77.62258199999999,12.91763,0</coordinates>
		</Point>
	</Placemark>
	<Placemark>
		<styleUrl>#bbmp_dry_waste_collection_centres_style</styleUrl>
		<ExtendedData>
			<SchemaData schemaUrl="#J_bbmp_dry_waste_collection_centres_SSSIISI">
				<SimpleData name="DWCCName">MALLASANDRA</SimpleData>
				<SimpleData name="DepartmentCode">13</SimpleData>
				<SimpleData name="KGISCode">29572055428031620000URBMPPUGENDWC0013</SimpleData>
				<SimpleData name="KGISDWCCID">13</SimpleData>
				<SimpleData name="KGISVillageID">15465</SimpleData>
				<SimpleData name="KGISWardID">13</SimpleData>
				<SimpleData name="OBJECTID">35</SimpleData>
			</SchemaData>
		</ExtendedData>
		<Point>
			<coordinates>77.512969,13.05554,0</coordinates>
		</Point>
	</Placemark>
	<Placemark>
		<styleUrl>#bbmp_dry_waste_collection_centres_style</styleUrl>
		<ExtendedData>
			<SchemaData schemaUrl="#J_bbmp_dry_waste_collection_centres_SSSIISI">
				<SimpleData name="DWCCName">JP NAGAR</SimpleData>
				<SimpleData name="DepartmentCode">130</SimpleData>
				<SimpleData name="KGISCode">29572055428031620000URBMPPUGENDWC0130</SimpleData>
				<SimpleData name="KGISDWCCID">130</SimpleData>
				<SimpleData name="KGISVillageID">15545</SimpleData>
				<SimpleData name="KGISWardID">177</SimpleData>
				<SimpleData name="OBJECTID">36</SimpleData>
			</SchemaData>
		</ExtendedData>
		<Point>
			<coordinates>77.599874,12.91651,0</coordinates>
		</Point>
	</Placemark>
	<Placemark>
		<styleUrl>#bbmp_dry_waste_collection_centres_style</styleUrl>
		<ExtendedData>
			<SchemaData schemaUrl="#J_bbmp_dry_waste_collection_centres_SSSIISI">
				<SimpleData name="DWCCName">SARAKKI</SimpleData>
				<SimpleData name="DepartmentCode">131</SimpleData>
				<SimpleData name="KGISCode">29572055428031620000URBMPPUGENDWC0131</SimpleData>
				<SimpleData name="KGISDWCCID">131</SimpleData>
				<SimpleData name="KGISVillageID">15711</SimpleData>
				<SimpleData name="KGISWardID">178</SimpleData>
				<SimpleData name="OBJECTID">37</SimpleData>
			</SchemaData>
		</ExtendedData>
		<Point>
			<coordinates>77.576818,12.90696,0</coordinates>
		</Point>
	</Placemark>
	<Placemark>
		<styleUrl>#bbmp_dry_waste_collection_centres_style</styleUrl>
		<ExtendedData>
			<SchemaData schemaUrl="#J_bbmp_dry_waste_collection_centres_SSSIISI">
				<SimpleData name="DWCCName">SHAKAMBARI NAGAR</SimpleData>
				<SimpleData name="DepartmentCode">132</SimpleData>
				<SimpleData name="KGISCode">29572055428031620000URBMPPUGENDWC0132</SimpleData>
				<SimpleData name="KGISDWCCID">132</SimpleData>
				<SimpleData name="KGISVillageID">15714</SimpleData>
				<SimpleData name="KGISWardID">179</SimpleData>
				<SimpleData name="OBJECTID">38</SimpleData>
			</SchemaData>
		</ExtendedData>
		<Point>
			<coordinates>77.58091,12.92075,0</coordinates>
		</Point>
	</Placemark>
	<Placemark>
		<styleUrl>#bbmp_dry_waste_collection_centres_style</styleUrl>
		<ExtendedData>
			<SchemaData schemaUrl="#J_bbmp_dry_waste_collection_centres_SSSIISI">
				<SimpleData name="DWCCName">BANASHANKARI TEMPLE</SimpleData>
				<SimpleData name="DepartmentCode">133</SimpleData>
				<SimpleData name="KGISCode">29572055428031620000URBMPPUGENDWC0133</SimpleData>
				<SimpleData name="KGISDWCCID">133</SimpleData>
				<SimpleData name="KGISVillageID">15702</SimpleData>
				<SimpleData name="KGISWardID">180</SimpleData>
				<SimpleData name="OBJECTID">39</SimpleData>
			</SchemaData>
		</ExtendedData>
		<Point>
			<coordinates>77.564882,12.91758,0</coordinates>
		</Point>
	</Placemark>
	<Placemark>
		<styleUrl>#bbmp_dry_waste_collection_centres_style</styleUrl>
		<ExtendedData>
			<SchemaData schemaUrl="#J_bbmp_dry_waste_collection_centres_SSSIISI">
				<SimpleData name="DWCCName">KUMARASWAMY LAYOUT</SimpleData>
				<SimpleData name="DepartmentCode">134</SimpleData>
				<SimpleData name="KGISCode">29572055428031620000URBMPPUGENDWC0134</SimpleData>
				<SimpleData name="KGISDWCCID">134</SimpleData>
				<SimpleData name="KGISVillageID">15696</SimpleData>
				<SimpleData name="KGISWardID">181</SimpleData>
				<SimpleData name="OBJECTID">40</SimpleData>
			</SchemaData>
		</ExtendedData>
		<Point>
			<coordinates>77.56070699999999,12.90291,0</coordinates>
		</Point>
	</Placemark>
	<Placemark>
		<styleUrl>#bbmp_dry_waste_collection_centres_style</styleUrl>
		<ExtendedData>
			<SchemaData schemaUrl="#J_bbmp_dry_waste_collection_centres_SSSIISI">
				<SimpleData name="DWCCName">PADMANABHANAGAR</SimpleData>
				<SimpleData name="DepartmentCode">135</SimpleData>
				<SimpleData name="KGISCode">29572055428031620000URBMPPUGENDWC0135</SimpleData>
				<SimpleData name="KGISDWCCID">135</SimpleData>
				<SimpleData name="KGISVillageID">15717</SimpleData>
				<SimpleData name="KGISWardID">182</SimpleData>
				<SimpleData name="OBJECTID">41</SimpleData>
			</SchemaData>
		</ExtendedData>
		<Point>
			<coordinates>77.55076699999999,12.90594,0</coordinates>
		</Point>
	</Placemark>
	<Placemark>
		<styleUrl>#bbmp_dry_waste_collection_centres_style</styleUrl>
		<ExtendedData>
			<SchemaData schemaUrl="#J_bbmp_dry_waste_collection_centres_SSSIISI">
				<SimpleData name="DWCCName">CHIKKALA SANDRA</SimpleData>
				<SimpleData name="DepartmentCode">136</SimpleData>
				<SimpleData name="KGISCode">29572055428031620000URBMPPUGENDWC0136</SimpleData>
				<SimpleData name="KGISDWCCID">136</SimpleData>
				<SimpleData name="KGISVillageID">15689</SimpleData>
				<SimpleData name="KGISWardID">183</SimpleData>
				<SimpleData name="OBJECTID">42</SimpleData>
			</SchemaData>
		</ExtendedData>
		<Point>
			<coordinates>77.546548,12.91993,0</coordinates>
		</Point>
	</Placemark>
	<Placemark>
		<styleUrl>#bbmp_dry_waste_collection_centres_style</styleUrl>
		<ExtendedData>
			<SchemaData schemaUrl="#J_bbmp_dry_waste_collection_centres_SSSIISI">
				<SimpleData name="DWCCName">UTTARAHALLI</SimpleData>
				<SimpleData name="DepartmentCode">137</SimpleData>
				<SimpleData name="KGISCode">29572055428031620000URBMPPUGENDWC0137</SimpleData>
				<SimpleData name="KGISDWCCID">137</SimpleData>
				<SimpleData name="KGISVillageID">15717</SimpleData>
				<SimpleData name="KGISWardID">184</SimpleData>
				<SimpleData name="OBJECTID">43</SimpleData>
			</SchemaData>
		</ExtendedData>
		<Point>
			<coordinates>77.53948699999999,12.9034,0</coordinates>
		</Point>
	</Placemark>
	<Placemark>
		<styleUrl>#bbmp_dry_waste_collection_centres_style</styleUrl>
		<ExtendedData>
			<SchemaData schemaUrl="#J_bbmp_dry_waste_collection_centres_SSSIISI">
				<SimpleData name="DWCCName">PUTTENAHALLI</SimpleData>
				<SimpleData name="DepartmentCode">138</SimpleData>
				<SimpleData name="KGISCode">29572055428031620000URBMPPUGENDWC0138</SimpleData>
				<SimpleData name="KGISDWCCID">138</SimpleData>
				<SimpleData name="KGISVillageID">15520</SimpleData>
				<SimpleData name="KGISWardID">187</SimpleData>
				<SimpleData name="OBJECTID">44</SimpleData>
			</SchemaData>
		</ExtendedData>
		<Point>
			<coordinates>77.60199299999999,12.8696,0</coordinates>
		</Point>
	</Placemark>
	<Placemark>
		<styleUrl>#bbmp_dry_waste_collection_centres_style</styleUrl>
		<ExtendedData>
			<SchemaData schemaUrl="#J_bbmp_dry_waste_collection_centres_SSSIISI">
				<SimpleData name="DWCCName">BILKEHALLI</SimpleData>
				<SimpleData name="DepartmentCode">139</SimpleData>
				<SimpleData name="KGISCode">29572055428031620000URBMPPUGENDWC0139</SimpleData>
				<SimpleData name="KGISDWCCID">139</SimpleData>
				<SimpleData name="KGISVillageID">15511</SimpleData>
				<SimpleData name="KGISWardID">188</SimpleData>
				<SimpleData name="OBJECTID">45</SimpleData>
			</SchemaData>
		</ExtendedData>
		<Point>
			<coordinates>77.61563599999999,12.8833,0</coordinates>
		</Point>
	</Placemark>
	<Placemark>
		<styleUrl>#bbmp_dry_waste_collection_centres_style</styleUrl>
		<ExtendedData>
			<SchemaData schemaUrl="#J_bbmp_dry_waste_collection_centres_SSSIISI">
				<SimpleData name="DWCCName">T.DASARAHALLI</SimpleData>
				<SimpleData name="DepartmentCode">14</SimpleData>
				<SimpleData name="KGISCode">29572055428031620000URBMPPUGENDWC0014</SimpleData>
				<SimpleData name="KGISDWCCID">14</SimpleData>
				<SimpleData name="KGISVillageID">15465</SimpleData>
				<SimpleData name="KGISWardID">15</SimpleData>
				<SimpleData name="OBJECTID">46</SimpleData>
			</SchemaData>
		</ExtendedData>
		<Point>
			<coordinates>77.512992,13.05579,0</coordinates>
		</Point>
	</Placemark>
	<Placemark>
		<styleUrl>#bbmp_dry_waste_collection_centres_style</styleUrl>
		<ExtendedData>
			<SchemaData schemaUrl="#J_bbmp_dry_waste_collection_centres_SSSIISI">
				<SimpleData name="DWCCName">HONGASANDRA</SimpleData>
				<SimpleData name="DepartmentCode">140</SimpleData>
				<SimpleData name="KGISCode">29572055428031620000URBMPPUGENDWC0140</SimpleData>
				<SimpleData name="KGISDWCCID">140</SimpleData>
				<SimpleData name="KGISVillageID">15511</SimpleData>
				<SimpleData name="KGISWardID">189</SimpleData>
				<SimpleData name="OBJECTID">47</SimpleData>
			</SchemaData>
		</ExtendedData>
		<Point>
			<coordinates>77.615611,12.88325,0</coordinates>
		</Point>
	</Placemark>
	<Placemark>
		<styleUrl>#bbmp_dry_waste_collection_centres_style</styleUrl>
		<ExtendedData>
			<SchemaData schemaUrl="#J_bbmp_dry_waste_collection_centres_SSSIISI">
				<SimpleData name="DWCCName">MANGAMMA PALYA</SimpleData>
				<SimpleData name="DepartmentCode">141</SimpleData>
				<SimpleData name="KGISCode">29572055428031620000URBMPPUGENDWC0141</SimpleData>
				<SimpleData name="KGISDWCCID">141</SimpleData>
				<SimpleData name="KGISVillageID">15517</SimpleData>
				<SimpleData name="KGISWardID">190</SimpleData>
				<SimpleData name="OBJECTID">48</SimpleData>
			</SchemaData>
		</ExtendedData>
		<Point>
			<coordinates>77.646174,12.89435,0</coordinates>
		</Point>
	</Placemark>
	<Placemark>
		<styleUrl>#bbmp_dry_waste_collection_centres_style</styleUrl>
		<ExtendedData>
			<SchemaData schemaUrl="#J_bbmp_dry_waste_collection_centres_SSSIISI">
				<SimpleData name="DWCCName">SINGA SANDRA</SimpleData>
				<SimpleData name="DepartmentCode">142</SimpleData>
				<SimpleData name="KGISCode">29572055428031620000URBMPPUGENDWC0142</SimpleData>
				<SimpleData name="KGISDWCCID">142</SimpleData>
				<SimpleData name="KGISVillageID">15544</SimpleData>
				<SimpleData name="KGISWardID">191</SimpleData>
				<SimpleData name="OBJECTID">49</SimpleData>
			</SchemaData>
		</ExtendedData>
		<Point>
			<coordinates>77.65248800000001,12.87249,0</coordinates>
		</Point>
	</Placemark>
	<Placemark>
		<styleUrl>#bbmp_dry_waste_collection_centres_style</styleUrl>
		<ExtendedData>
			<SchemaData schemaUrl="#J_bbmp_dry_waste_collection_centres_SSSIISI">
				<SimpleData name="DWCCName">BEGUR</SimpleData>
				<SimpleData name="DepartmentCode">143</SimpleData>
				<SimpleData name="KGISCode">29572055428031620000URBMPPUGENDWC0143</SimpleData>
				<SimpleData name="KGISDWCCID">143</SimpleData>
				<SimpleData name="KGISVillageID">15505</SimpleData>
				<SimpleData name="KGISWardID">192</SimpleData>
				<SimpleData name="OBJECTID">50</SimpleData>
			</SchemaData>
		</ExtendedData>
		<Point>
			<coordinates>77.626696,12.87293,0</coordinates>
		</Point>
	</Placemark>
	<Placemark>
		<styleUrl>#bbmp_dry_waste_collection_centres_style</styleUrl>
		<ExtendedData>
			<SchemaData schemaUrl="#J_bbmp_dry_waste_collection_centres_SSSIISI">
				<SimpleData name="DWCCName">GOTTIGERE</SimpleData>
				<SimpleData name="DepartmentCode">144</SimpleData>
				<SimpleData name="KGISCode">29572055428031620000URBMPPUGENDWC0144</SimpleData>
				<SimpleData name="KGISDWCCID">144</SimpleData>
				<SimpleData name="KGISVillageID">15522</SimpleData>
				<SimpleData name="KGISWardID">194</SimpleData>
				<SimpleData name="OBJECTID">51</SimpleData>
			</SchemaData>
		</ExtendedData>
		<Point>
			<coordinates>77.594837,12.85666,0</coordinates>
		</Point>
	</Placemark>
	<Placemark>
		<styleUrl>#bbmp_dry_waste_collection_centres_style</styleUrl>
		<ExtendedData>
			<SchemaData schemaUrl="#J_bbmp_dry_waste_collection_centres_SSSIISI">
				<SimpleData name="DWCCName">KONANKUNTE</SimpleData>
				<SimpleData name="DepartmentCode">145</SimpleData>
				<SimpleData name="KGISCode">29572055428031620000URBMPPUGENDWC0145</SimpleData>
				<SimpleData name="KGISDWCCID">145</SimpleData>
				<SimpleData name="KGISVillageID">15522</SimpleData>
				<SimpleData name="KGISWardID">195</SimpleData>
				<SimpleData name="OBJECTID">52</SimpleData>
			</SchemaData>
		</ExtendedData>
		<Point>
			<coordinates>77.594837,12.85666,0</coordinates>
		</Point>
	</Placemark>
	<Placemark>
		<styleUrl>#bbmp_dry_waste_collection_centres_style</styleUrl>
		<ExtendedData>
			<SchemaData schemaUrl="#J_bbmp_dry_waste_collection_centres_SSSIISI">
				<SimpleData name="DWCCName">ANJANAPURA</SimpleData>
				<SimpleData name="DepartmentCode">146</SimpleData>
				<SimpleData name="KGISCode">29572055428031620000URBMPPUGENDWC0146</SimpleData>
				<SimpleData name="KGISDWCCID">146</SimpleData>
				<SimpleData name="KGISVillageID">15690</SimpleData>
				<SimpleData name="KGISWardID">196</SimpleData>
				<SimpleData name="OBJECTID">53</SimpleData>
			</SchemaData>
		</ExtendedData>
		<Point>
			<coordinates>77.56338599999999,12.86823,0</coordinates>
		</Point>
	</Placemark>
	<Placemark>
		<styleUrl>#bbmp_dry_waste_collection_centres_style</styleUrl>
		<ExtendedData>
			<SchemaData schemaUrl="#J_bbmp_dry_waste_collection_centres_SSSIISI">
				<SimpleData name="DWCCName">HEMMIGEPURA</SimpleData>
				<SimpleData name="DepartmentCode">147</SimpleData>
				<SimpleData name="KGISCode">29572055428031620000URBMPPUGENDWC0147</SimpleData>
				<SimpleData name="KGISDWCCID">147</SimpleData>
				<SimpleData name="KGISVillageID">15701</SimpleData>
				<SimpleData name="KGISWardID">198</SimpleData>
				<SimpleData name="OBJECTID">54</SimpleData>
			</SchemaData>
		</ExtendedData>
		<Point>
			<coordinates>77.541751,12.87848,0</coordinates>
		</Point>
	</Placemark>
	<Placemark>
		<styleUrl>#bbmp_dry_waste_collection_centres_style</styleUrl>
		<ExtendedData>
			<SchemaData schemaUrl="#J_bbmp_dry_waste_collection_centres_SSSIISI">
				<SimpleData name="DWCCName">Dodda Bidarakallu</SimpleData>
				<SimpleData name="DepartmentCode">148</SimpleData>
				<SimpleData name="KGISCode">29572055428031620000URBMPPUGENDWC0148</SimpleData>
				<SimpleData name="KGISDWCCID">148</SimpleData>
				<SimpleData name="KGISVillageID">15461</SimpleData>
				<SimpleData name="KGISWardID">40</SimpleData>
				<SimpleData name="OBJECTID">55</SimpleData>
			</SchemaData>
		</ExtendedData>
		<Point>
			<coordinates>77.48201400000001,13.0352855,0</coordinates>
		</Point>
	</Placemark>
	<Placemark>
		<styleUrl>#bbmp_dry_waste_collection_centres_style</styleUrl>
		<ExtendedData>
			<SchemaData schemaUrl="#J_bbmp_dry_waste_collection_centres_SSSIISI">
				<SimpleData name="DWCCName"></SimpleData>
				<SimpleData name="DepartmentCode">149</SimpleData>
				<SimpleData name="KGISCode">29572055426129570000URBMPPUGENDWC0001</SimpleData>
				<SimpleData name="KGISDWCCID">149</SimpleData>
				<SimpleData name="KGISVillageID">15179</SimpleData>
				<SimpleData name="KGISWardID"></SimpleData>
				<SimpleData name="OBJECTID">56</SimpleData>
			</SchemaData>
		</ExtendedData>
		<Point>
			<coordinates>77.4870753,13.0537873,0</coordinates>
		</Point>
	</Placemark>
	<Placemark>
		<styleUrl>#bbmp_dry_waste_collection_centres_style</styleUrl>
		<ExtendedData>
			<SchemaData schemaUrl="#J_bbmp_dry_waste_collection_centres_SSSIISI">
				<SimpleData name="DWCCName">RK TEMPLE</SimpleData>
				<SimpleData name="DepartmentCode">15</SimpleData>
				<SimpleData name="KGISCode">29572055428031620000URBMPPUGENDWC0015</SimpleData>
				<SimpleData name="KGISDWCCID">15</SimpleData>
				<SimpleData name="KGISVillageID">15143</SimpleData>
				<SimpleData name="KGISWardID">18</SimpleData>
				<SimpleData name="OBJECTID">57</SimpleData>
			</SchemaData>
		</ExtendedData>
		<Point>
			<coordinates>77.56176499999999,13.03767,0</coordinates>
		</Point>
	</Placemark>
	<Placemark>
		<styleUrl>#bbmp_dry_waste_collection_centres_style</styleUrl>
		<ExtendedData>
			<SchemaData schemaUrl="#J_bbmp_dry_waste_collection_centres_SSSIISI">
				<SimpleData name="DWCCName">Bagalakunte</SimpleData>
				<SimpleData name="DepartmentCode">150</SimpleData>
				<SimpleData name="KGISCode">29572055428031620000URBMPPUGENDWC0149</SimpleData>
				<SimpleData name="KGISDWCCID">150</SimpleData>
				<SimpleData name="KGISVillageID">15450</SimpleData>
				<SimpleData name="KGISWardID">14</SimpleData>
				<SimpleData name="OBJECTID">58</SimpleData>
			</SchemaData>
		</ExtendedData>
		<Point>
			<coordinates>77.5019527,13.0589985,0</coordinates>
		</Point>
	</Placemark>
	<Placemark>
		<styleUrl>#bbmp_dry_waste_collection_centres_style</styleUrl>
		<ExtendedData>
			<SchemaData schemaUrl="#J_bbmp_dry_waste_collection_centres_SSSIISI">
				<SimpleData name="DWCCName">Bagalakunte</SimpleData>
				<SimpleData name="DepartmentCode">151</SimpleData>
				<SimpleData name="KGISCode">29572055428031620000URBMPPUGENDWC0150</SimpleData>
				<SimpleData name="KGISDWCCID">151</SimpleData>
				<SimpleData name="KGISVillageID">15465</SimpleData>
				<SimpleData name="KGISWardID">14</SimpleData>
				<SimpleData name="OBJECTID">59</SimpleData>
			</SchemaData>
		</ExtendedData>
		<Point>
			<coordinates>77.5100849,13.0529913,0</coordinates>
		</Point>
	</Placemark>
	<Placemark>
		<styleUrl>#bbmp_dry_waste_collection_centres_style</styleUrl>
		<ExtendedData>
			<SchemaData schemaUrl="#J_bbmp_dry_waste_collection_centres_SSSIISI">
				<SimpleData name="DWCCName">SHETTYHALLI</SimpleData>
				<SimpleData name="DepartmentCode">152</SimpleData>
				<SimpleData name="KGISCode">29572055428031620000URBMPPUGENDWC0151</SimpleData>
				<SimpleData name="KGISDWCCID">152</SimpleData>
				<SimpleData name="KGISVillageID">15449</SimpleData>
				<SimpleData name="KGISWardID">12</SimpleData>
				<SimpleData name="OBJECTID">60</SimpleData>
			</SchemaData>
		</ExtendedData>
		<Point>
			<coordinates>77.5243612,13.0758006,0</coordinates>
		</Point>
	</Placemark>
	<Placemark>
		<styleUrl>#bbmp_dry_waste_collection_centres_style</styleUrl>
		<ExtendedData>
			<SchemaData schemaUrl="#J_bbmp_dry_waste_collection_centres_SSSIISI">
				<SimpleData name="DWCCName">KUVEMPUNAGARA</SimpleData>
				<SimpleData name="DepartmentCode">153</SimpleData>
				<SimpleData name="KGISCode">29572055428031620000URBMPPUGENDWC0152</SimpleData>
				<SimpleData name="KGISDWCCID">153</SimpleData>
				<SimpleData name="KGISVillageID">15424</SimpleData>
				<SimpleData name="KGISWardID">11</SimpleData>
				<SimpleData name="OBJECTID">61</SimpleData>
			</SchemaData>
		</ExtendedData>
		<Point>
			<coordinates>77.53982360000001,13.0808122,0</coordinates>
		</Point>
	</Placemark>
	<Placemark>
		<styleUrl>#bbmp_dry_waste_collection_centres_style</styleUrl>
		<ExtendedData>
			<SchemaData schemaUrl="#J_bbmp_dry_waste_collection_centres_SSSIISI">
				<SimpleData name="DWCCName">ATTURU</SimpleData>
				<SimpleData name="DepartmentCode">154</SimpleData>
				<SimpleData name="KGISCode">29572055428031620000URBMPPUGENDWC0153</SimpleData>
				<SimpleData name="KGISDWCCID">154</SimpleData>
				<SimpleData name="KGISVillageID">15375</SimpleData>
				<SimpleData name="KGISWardID">3</SimpleData>
				<SimpleData name="OBJECTID">62</SimpleData>
			</SchemaData>
		</ExtendedData>
		<Point>
			<coordinates>77.5667368,13.098904,0</coordinates>
		</Point>
	</Placemark>
	<Placemark>
		<styleUrl>#bbmp_dry_waste_collection_centres_style</styleUrl>
		<ExtendedData>
			<SchemaData schemaUrl="#J_bbmp_dry_waste_collection_centres_SSSIISI">
				<SimpleData name="DWCCName">CHOWDESHWARI</SimpleData>
				<SimpleData name="DepartmentCode">155</SimpleData>
				<SimpleData name="KGISCode">29572055428031620000URBMPPUGENDWC0154</SimpleData>
				<SimpleData name="KGISDWCCID">155</SimpleData>
				<SimpleData name="KGISVillageID">15420</SimpleData>
				<SimpleData name="KGISWardID">2</SimpleData>
				<SimpleData name="OBJECTID">63</SimpleData>
			</SchemaData>
		</ExtendedData>
		<Point>
			<coordinates>77.57678490000001,13.1083652,0</coordinates>
		</Point>
	</Placemark>
	<Placemark>
		<styleUrl>#bbmp_dry_waste_collection_centres_style</styleUrl>
		<ExtendedData>
			<SchemaData schemaUrl="#J_bbmp_dry_waste_collection_centres_SSSIISI">
				<SimpleData name="DWCCName">YELAHANKA SATELLITE TOWN</SimpleData>
				<SimpleData name="DepartmentCode">156</SimpleData>
				<SimpleData name="KGISCode">29572055428031620000URBMPPUGENDWC0155</SimpleData>
				<SimpleData name="KGISDWCCID">156</SimpleData>
				<SimpleData name="KGISVillageID">15378</SimpleData>
				<SimpleData name="KGISWardID">4</SimpleData>
				<SimpleData name="OBJECTID">64</SimpleData>
			</SchemaData>
		</ExtendedData>
		<Point>
			<coordinates>77.5789764,13.0940011,0</coordinates>
		</Point>
	</Placemark>
	<Placemark>
		<styleUrl>#bbmp_dry_waste_collection_centres_style</styleUrl>
		<ExtendedData>
			<SchemaData schemaUrl="#J_bbmp_dry_waste_collection_centres_SSSIISI">
				<SimpleData name="DWCCName">YELAHANKA SATELLITE TOWN</SimpleData>
				<SimpleData name="DepartmentCode">157</SimpleData>
				<SimpleData name="KGISCode">29572055428031620000URBMPPUGENDWC0156</SimpleData>
				<SimpleData name="KGISDWCCID">157</SimpleData>
				<SimpleData name="KGISVillageID">15447</SimpleData>
				<SimpleData name="KGISWardID">4</SimpleData>
				<SimpleData name="OBJECTID">65</SimpleData>
			</SchemaData>
		</ExtendedData>
		<Point>
			<coordinates>77.5874081,13.0981236,0</coordinates>
		</Point>
	</Placemark>
	<Placemark>
		<styleUrl>#bbmp_dry_waste_collection_centres_style</styleUrl>
		<ExtendedData>
			<SchemaData schemaUrl="#J_bbmp_dry_waste_collection_centres_SSSIISI">
				<SimpleData name="DWCCName">KEMPEGOWDA </SimpleData>
				<SimpleData name="DepartmentCode">158</SimpleData>
				<SimpleData name="KGISCode">29572055428031620000URBMPPUGENDWC0157</SimpleData>
				<SimpleData name="KGISDWCCID">158</SimpleData>
				<SimpleData name="KGISVillageID">15444</SimpleData>
				<SimpleData name="KGISWardID">1</SimpleData>
				<SimpleData name="OBJECTID">66</SimpleData>
			</SchemaData>
		</ExtendedData>
		<Point>
			<coordinates>77.6003628,13.1056423,0</coordinates>
		</Point>
	</Placemark>
	<Placemark>
		<styleUrl>#bbmp_dry_waste_collection_centres_style</styleUrl>
		<ExtendedData>
			<SchemaData schemaUrl="#J_bbmp_dry_waste_collection_centres_SSSIISI">
				<SimpleData name="DWCCName">KEMPEGOWDA </SimpleData>
				<SimpleData name="DepartmentCode">159</SimpleData>
				<SimpleData name="KGISCode">29572055428031620000URBMPPUGENDWC0158</SimpleData>
				<SimpleData name="KGISDWCCID">159</SimpleData>
				<SimpleData name="KGISVillageID">15439</SimpleData>
				<SimpleData name="KGISWardID">1</SimpleData>
				<SimpleData name="OBJECTID">67</SimpleData>
			</SchemaData>
		</ExtendedData>
		<Point>
			<coordinates>77.6102111,13.1145302,0</coordinates>
		</Point>
	</Placemark>
	<Placemark>
		<styleUrl>#bbmp_dry_waste_collection_centres_style</styleUrl>
		<ExtendedData>
			<SchemaData schemaUrl="#J_bbmp_dry_waste_collection_centres_SSSIISI">
				<SimpleData name="DWCCName">SANJAYNAGAR</SimpleData>
				<SimpleData name="DepartmentCode">16</SimpleData>
				<SimpleData name="KGISCode">29572055428031620000URBMPPUGENDWC0016</SimpleData>
				<SimpleData name="KGISDWCCID">16</SimpleData>
				<SimpleData name="KGISVillageID">15148</SimpleData>
				<SimpleData name="KGISWardID">19</SimpleData>
				<SimpleData name="OBJECTID">68</SimpleData>
			</SchemaData>
		</ExtendedData>
		<Point>
			<coordinates>77.582168,13.04069,0</coordinates>
		</Point>
	</Placemark>
	<Placemark>
		<styleUrl>#bbmp_dry_waste_collection_centres_style</styleUrl>
		<ExtendedData>
			<SchemaData schemaUrl="#J_bbmp_dry_waste_collection_centres_SSSIISI">
				<SimpleData name="DWCCName">JAKKUR</SimpleData>
				<SimpleData name="DepartmentCode">160</SimpleData>
				<SimpleData name="KGISCode">29572055428031620000URBMPPUGENDWC0159</SimpleData>
				<SimpleData name="KGISDWCCID">160</SimpleData>
				<SimpleData name="KGISVillageID">15426</SimpleData>
				<SimpleData name="KGISWardID">5</SimpleData>
				<SimpleData name="OBJECTID">69</SimpleData>
			</SchemaData>
		</ExtendedData>
		<Point>
			<coordinates>77.6302494,13.0724488,0</coordinates>
		</Point>
	</Placemark>
	<Placemark>
		<styleUrl>#bbmp_dry_waste_collection_centres_style</styleUrl>
		<ExtendedData>
			<SchemaData schemaUrl="#J_bbmp_dry_waste_collection_centres_SSSIISI">
				<SimpleData name="DWCCName">BYATRAYANAPURA</SimpleData>
				<SimpleData name="DepartmentCode">161</SimpleData>
				<SimpleData name="KGISCode">29572055428031620000URBMPPUGENDWC0160</SimpleData>
				<SimpleData name="KGISDWCCID">161</SimpleData>
				<SimpleData name="KGISVillageID">15386</SimpleData>
				<SimpleData name="KGISWardID">7</SimpleData>
				<SimpleData name="OBJECTID">70</SimpleData>
			</SchemaData>
		</ExtendedData>
		<Point>
			<coordinates>77.5990546,13.0739121,0</coordinates>
		</Point>
	</Placemark>
	<Placemark>
		<styleUrl>#bbmp_dry_waste_collection_centres_style</styleUrl>
		<ExtendedData>
			<SchemaData schemaUrl="#J_bbmp_dry_waste_collection_centres_SSSIISI">
				<SimpleData name="DWCCName">BYATRAYANAPURA</SimpleData>
				<SimpleData name="DepartmentCode">162</SimpleData>
				<SimpleData name="KGISCode">29572055428031620000URBMPPUGENDWC0161</SimpleData>
				<SimpleData name="KGISDWCCID">162</SimpleData>
				<SimpleData name="KGISVillageID">15112</SimpleData>
				<SimpleData name="KGISWardID">7</SimpleData>
				<SimpleData name="OBJECTID">71</SimpleData>
			</SchemaData>
		</ExtendedData>
		<Point>
			<coordinates>77.5962811,13.0511841,0</coordinates>
		</Point>
	</Placemark>
	<Placemark>
		<styleUrl>#bbmp_dry_waste_collection_centres_style</styleUrl>
		<ExtendedData>
			<SchemaData schemaUrl="#J_bbmp_dry_waste_collection_centres_SSSIISI">
				<SimpleData name="DWCCName">VIDYARANYAPURA</SimpleData>
				<SimpleData name="DepartmentCode">163</SimpleData>
				<SimpleData name="KGISCode">29572055428031620000URBMPPUGENDWC0162</SimpleData>
				<SimpleData name="KGISDWCCID">163</SimpleData>
				<SimpleData name="KGISVillageID">15413</SimpleData>
				<SimpleData name="KGISWardID">9</SimpleData>
				<SimpleData name="OBJECTID">72</SimpleData>
			</SchemaData>
		</ExtendedData>
		<Point>
			<coordinates>77.567848,13.0554838,0</coordinates>
		</Point>
	</Placemark>
	<Placemark>
		<styleUrl>#bbmp_dry_waste_collection_centres_style</styleUrl>
		<ExtendedData>
			<SchemaData schemaUrl="#J_bbmp_dry_waste_collection_centres_SSSIISI">
				<SimpleData name="DWCCName">KUVEMPUNAGARA</SimpleData>
				<SimpleData name="DepartmentCode">164</SimpleData>
				<SimpleData name="KGISCode">29572055428031620000URBMPPUGENDWC0163</SimpleData>
				<SimpleData name="KGISDWCCID">164</SimpleData>
				<SimpleData name="KGISVillageID">15380</SimpleData>
				<SimpleData name="KGISWardID">11</SimpleData>
				<SimpleData name="OBJECTID">73</SimpleData>
			</SchemaData>
		</ExtendedData>
		<Point>
			<coordinates>77.5499241,13.0575735,0</coordinates>
		</Point>
	</Placemark>
	<Placemark>
		<styleUrl>#bbmp_dry_waste_collection_centres_style</styleUrl>
		<ExtendedData>
			<SchemaData schemaUrl="#J_bbmp_dry_waste_collection_centres_SSSIISI">
				<SimpleData name="DWCCName">Jalahalli</SimpleData>
				<SimpleData name="DepartmentCode">165</SimpleData>
				<SimpleData name="KGISCode">29572055428031620000URBMPPUGENDWC0164</SimpleData>
				<SimpleData name="KGISDWCCID">165</SimpleData>
				<SimpleData name="KGISVillageID">15491</SimpleData>
				<SimpleData name="KGISWardID">16</SimpleData>
				<SimpleData name="OBJECTID">74</SimpleData>
			</SchemaData>
		</ExtendedData>
		<Point>
			<coordinates>77.53105789999999,13.0437988,0</coordinates>
		</Point>
	</Placemark>
	<Placemark>
		<styleUrl>#bbmp_dry_waste_collection_centres_style</styleUrl>
		<ExtendedData>
			<SchemaData schemaUrl="#J_bbmp_dry_waste_collection_centres_SSSIISI">
				<SimpleData name="DWCCName">PEENYA INDL AREA</SimpleData>
				<SimpleData name="DepartmentCode">166</SimpleData>
				<SimpleData name="KGISCode">29572055428031620000URBMPPUGENDWC0165</SimpleData>
				<SimpleData name="KGISDWCCID">166</SimpleData>
				<SimpleData name="KGISVillageID">15475</SimpleData>
				<SimpleData name="KGISWardID">41</SimpleData>
				<SimpleData name="OBJECTID">75</SimpleData>
			</SchemaData>
		</ExtendedData>
		<Point>
			<coordinates>77.5121455,13.0252418,0</coordinates>
		</Point>
	</Placemark>
	<Placemark>
		<styleUrl>#bbmp_dry_waste_collection_centres_style</styleUrl>
		<ExtendedData>
			<SchemaData schemaUrl="#J_bbmp_dry_waste_collection_centres_SSSIISI">
				<SimpleData name="DWCCName">RAJAGOPALANAGARA</SimpleData>
				<SimpleData name="DepartmentCode">167</SimpleData>
				<SimpleData name="KGISCode">29572055428031620000URBMPPUGENDWC0166</SimpleData>
				<SimpleData name="KGISDWCCID">167</SimpleData>
				<SimpleData name="KGISVillageID">15483</SimpleData>
				<SimpleData name="KGISWardID">70</SimpleData>
				<SimpleData name="OBJECTID">76</SimpleData>
			</SchemaData>
		</ExtendedData>
		<Point>
			<coordinates>77.5184498,13.0121765,0</coordinates>
		</Point>
	</Placemark>
	<Placemark>
		<styleUrl>#bbmp_dry_waste_collection_centres_style</styleUrl>
		<ExtendedData>
			<SchemaData schemaUrl="#J_bbmp_dry_waste_collection_centres_SSSIISI">
				<SimpleData name="DWCCName">Laggere</SimpleData>
				<SimpleData name="DepartmentCode">168</SimpleData>
				<SimpleData name="KGISCode">29572055428031620000URBMPPUGENDWC0167</SimpleData>
				<SimpleData name="KGISDWCCID">168</SimpleData>
				<SimpleData name="KGISVillageID">15483</SimpleData>
				<SimpleData name="KGISWardID">69</SimpleData>
				<SimpleData name="OBJECTID">77</SimpleData>
			</SchemaData>
		</ExtendedData>
		<Point>
			<coordinates>77.5295323,13.0088176,0</coordinates>
		</Point>
	</Placemark>
	<Placemark>
		<styleUrl>#bbmp_dry_waste_collection_centres_style</styleUrl>
		<ExtendedData>
			<SchemaData schemaUrl="#J_bbmp_dry_waste_collection_centres_SSSIISI">
				<SimpleData name="DWCCName">Laggere</SimpleData>
				<SimpleData name="DepartmentCode">169</SimpleData>
				<SimpleData name="KGISCode">29572055428031620000URBMPPUGENDWC0168</SimpleData>
				<SimpleData name="KGISDWCCID">169</SimpleData>
				<SimpleData name="KGISVillageID">15483</SimpleData>
				<SimpleData name="KGISWardID">69</SimpleData>
				<SimpleData name="OBJECTID">78</SimpleData>
			</SchemaData>
		</ExtendedData>
		<Point>
			<coordinates>77.5260803,13.0145883,0</coordinates>
		</Point>
	</Placemark>
	<Placemark>
		<styleUrl>#bbmp_dry_waste_collection_centres_style</styleUrl>
		<ExtendedData>
			<SchemaData schemaUrl="#J_bbmp_dry_waste_collection_centres_SSSIISI">
				<SimpleData name="DWCCName">GANGANAGAR</SimpleData>
				<SimpleData name="DepartmentCode">17</SimpleData>
				<SimpleData name="KGISCode">29572055428031620000URBMPPUGENDWC0017</SimpleData>
				<SimpleData name="KGISDWCCID">17</SimpleData>
				<SimpleData name="KGISVillageID">15098</SimpleData>
				<SimpleData name="KGISWardID">20</SimpleData>
				<SimpleData name="OBJECTID">79</SimpleData>
			</SchemaData>
		</ExtendedData>
		<Point>
			<coordinates>77.58609800000001,13.02408,0</coordinates>
		</Point>
	</Placemark>
	<Placemark>
		<styleUrl>#bbmp_dry_waste_collection_centres_style</styleUrl>
		<ExtendedData>
			<SchemaData schemaUrl="#J_bbmp_dry_waste_collection_centres_SSSIISI">
				<SimpleData name="DWCCName">NANDINI LAYOUT</SimpleData>
				<SimpleData name="DepartmentCode">170</SimpleData>
				<SimpleData name="KGISCode">29572055428031620000URBMPPUGENDWC0169</SimpleData>
				<SimpleData name="KGISDWCCID">170</SimpleData>
				<SimpleData name="KGISVillageID">15369</SimpleData>
				<SimpleData name="KGISWardID">43</SimpleData>
				<SimpleData name="OBJECTID">80</SimpleData>
			</SchemaData>
		</ExtendedData>
		<Point>
			<coordinates>77.5375451,13.0104605,0</coordinates>
		</Point>
	</Placemark>
	<Placemark>
		<styleUrl>#bbmp_dry_waste_collection_centres_style</styleUrl>
		<ExtendedData>
			<SchemaData schemaUrl="#J_bbmp_dry_waste_collection_centres_SSSIISI">
				<SimpleData name="DWCCName">HMT</SimpleData>
				<SimpleData name="DepartmentCode">171</SimpleData>
				<SimpleData name="KGISCode">29572055428031620000URBMPPUGENDWC0170</SimpleData>
				<SimpleData name="KGISDWCCID">171</SimpleData>
				<SimpleData name="KGISVillageID">15369</SimpleData>
				<SimpleData name="KGISWardID">38</SimpleData>
				<SimpleData name="OBJECTID">81</SimpleData>
			</SchemaData>
		</ExtendedData>
		<Point>
			<coordinates>77.53710409999999,13.0246161,0</coordinates>
		</Point>
	</Placemark>
	<Placemark>
		<styleUrl>#bbmp_dry_waste_collection_centres_style</styleUrl>
		<ExtendedData>
			<SchemaData schemaUrl="#J_bbmp_dry_waste_collection_centres_SSSIISI">
				<SimpleData name="DWCCName">MARAPANNAPALYA</SimpleData>
				<SimpleData name="DepartmentCode">172</SimpleData>
				<SimpleData name="KGISCode">29572055428031620000URBMPPUGENDWC0171</SimpleData>
				<SimpleData name="KGISDWCCID">172</SimpleData>
				<SimpleData name="KGISVillageID">15480</SimpleData>
				<SimpleData name="KGISWardID">44</SimpleData>
				<SimpleData name="OBJECTID">82</SimpleData>
			</SchemaData>
		</ExtendedData>
		<Point>
			<coordinates>77.54810070000001,13.012843,0</coordinates>
		</Point>
	</Placemark>
	<Placemark>
		<styleUrl>#bbmp_dry_waste_collection_centres_style</styleUrl>
		<ExtendedData>
			<SchemaData schemaUrl="#J_bbmp_dry_waste_collection_centres_SSSIISI">
				<SimpleData name="DWCCName">HMT</SimpleData>
				<SimpleData name="DepartmentCode">173</SimpleData>
				<SimpleData name="KGISCode">29572055428031620000URBMPPUGENDWC0172</SimpleData>
				<SimpleData name="KGISDWCCID">173</SimpleData>
				<SimpleData name="KGISVillageID">15480</SimpleData>
				<SimpleData name="KGISWardID">38</SimpleData>
				<SimpleData name="OBJECTID">83</SimpleData>
			</SchemaData>
		</ExtendedData>
		<Point>
			<coordinates>77.5480778,13.0296717,0</coordinates>
		</Point>
	</Placemark>
	<Placemark>
		<styleUrl>#bbmp_dry_waste_collection_centres_style</styleUrl>
		<ExtendedData>
			<SchemaData schemaUrl="#J_bbmp_dry_waste_collection_centres_SSSIISI">
				<SimpleData name="DWCCName">J P Park</SimpleData>
				<SimpleData name="DepartmentCode">174</SimpleData>
				<SimpleData name="KGISCode">29572055428031620000URBMPPUGENDWC0173</SimpleData>
				<SimpleData name="KGISDWCCID">174</SimpleData>
				<SimpleData name="KGISVillageID">15143</SimpleData>
				<SimpleData name="KGISWardID">17</SimpleData>
				<SimpleData name="OBJECTID">84</SimpleData>
			</SchemaData>
		</ExtendedData>
		<Point>
			<coordinates>77.5594105,13.0316635,0</coordinates>
		</Point>
	</Placemark>
	<Placemark>
		<styleUrl>#bbmp_dry_waste_collection_centres_style</styleUrl>
		<ExtendedData>
			<SchemaData schemaUrl="#J_bbmp_dry_waste_collection_centres_SSSIISI">
				<SimpleData name="DWCCName">MATTIKERE</SimpleData>
				<SimpleData name="DepartmentCode">175</SimpleData>
				<SimpleData name="KGISCode">29572055428031620000URBMPPUGENDWC0174</SimpleData>
				<SimpleData name="KGISDWCCID">175</SimpleData>
				<SimpleData name="KGISVillageID">15143</SimpleData>
				<SimpleData name="KGISWardID">36</SimpleData>
				<SimpleData name="OBJECTID">85</SimpleData>
			</SchemaData>
		</ExtendedData>
		<Point>
			<coordinates>77.5622018,13.0375641,0</coordinates>
		</Point>
	</Placemark>
	<Placemark>
		<styleUrl>#bbmp_dry_waste_collection_centres_style</styleUrl>
		<ExtendedData>
			<SchemaData schemaUrl="#J_bbmp_dry_waste_collection_centres_SSSIISI">
				<SimpleData name="DWCCName">Aramane Nagara</SimpleData>
				<SimpleData name="DepartmentCode">176</SimpleData>
				<SimpleData name="KGISCode">29572055428031620000URBMPPUGENDWC0175</SimpleData>
				<SimpleData name="KGISDWCCID">176</SimpleData>
				<SimpleData name="KGISVillageID">15085</SimpleData>
				<SimpleData name="KGISWardID">35</SimpleData>
				<SimpleData name="OBJECTID">86</SimpleData>
			</SchemaData>
		</ExtendedData>
		<Point>
			<coordinates>77.5662598,13.0338905,0</coordinates>
		</Point>
	</Placemark>
	<Placemark>
		<styleUrl>#bbmp_dry_waste_collection_centres_style</styleUrl>
		<ExtendedData>
			<SchemaData schemaUrl="#J_bbmp_dry_waste_collection_centres_SSSIISI">
				<SimpleData name="DWCCName">HEBBAL</SimpleData>
				<SimpleData name="DepartmentCode">177</SimpleData>
				<SimpleData name="KGISCode">29572055428031620000URBMPPUGENDWC0176</SimpleData>
				<SimpleData name="KGISDWCCID">177</SimpleData>
				<SimpleData name="KGISVillageID">15086</SimpleData>
				<SimpleData name="KGISWardID">21</SimpleData>
				<SimpleData name="OBJECTID">87</SimpleData>
			</SchemaData>
		</ExtendedData>
		<Point>
			<coordinates>77.5972737,13.0365744,0</coordinates>
		</Point>
	</Placemark>
	<Placemark>
		<styleUrl>#bbmp_dry_waste_collection_centres_style</styleUrl>
		<ExtendedData>
			<SchemaData schemaUrl="#J_bbmp_dry_waste_collection_centres_SSSIISI">
				<SimpleData name="DWCCName">HEBBAL</SimpleData>
				<SimpleData name="DepartmentCode">178</SimpleData>
				<SimpleData name="KGISCode">29572055428031620000URBMPPUGENDWC0177</SimpleData>
				<SimpleData name="KGISDWCCID">178</SimpleData>
				<SimpleData name="KGISVillageID">15098</SimpleData>
				<SimpleData name="KGISWardID">21</SimpleData>
				<SimpleData name="OBJECTID">88</SimpleData>
			</SchemaData>
		</ExtendedData>
		<Point>
			<coordinates>77.5910042,13.027853,0</coordinates>
		</Point>
	</Placemark>
	<Placemark>
		<styleUrl>#bbmp_dry_waste_collection_centres_style</styleUrl>
		<ExtendedData>
			<SchemaData schemaUrl="#J_bbmp_dry_waste_collection_centres_SSSIISI">
				<SimpleData name="DWCCName">HEBBAL</SimpleData>
				<SimpleData name="DepartmentCode">179</SimpleData>
				<SimpleData name="KGISCode">29572055428031620000URBMPPUGENDWC0178</SimpleData>
				<SimpleData name="KGISDWCCID">179</SimpleData>
				<SimpleData name="KGISVillageID">15112</SimpleData>
				<SimpleData name="KGISWardID">21</SimpleData>
				<SimpleData name="OBJECTID">89</SimpleData>
			</SchemaData>
		</ExtendedData>
		<Point>
			<coordinates>77.5893257,13.0298387,0</coordinates>
		</Point>
	</Placemark>
	<Placemark>
		<styleUrl>#bbmp_dry_waste_collection_centres_style</styleUrl>
		<ExtendedData>
			<SchemaData schemaUrl="#J_bbmp_dry_waste_collection_centres_SSSIISI">
				<SimpleData name="DWCCName">HEBBAL</SimpleData>
				<SimpleData name="DepartmentCode">18</SimpleData>
				<SimpleData name="KGISCode">29572055428031620000URBMPPUGENDWC0018</SimpleData>
				<SimpleData name="KGISDWCCID">18</SimpleData>
				<SimpleData name="KGISVillageID">15112</SimpleData>
				<SimpleData name="KGISWardID">21</SimpleData>
				<SimpleData name="OBJECTID">90</SimpleData>
			</SchemaData>
		</ExtendedData>
		<Point>
			<coordinates>77.59092099999999,13.03172,0</coordinates>
		</Point>
	</Placemark>
	<Placemark>
		<styleUrl>#bbmp_dry_waste_collection_centres_style</styleUrl>
		<ExtendedData>
			<SchemaData schemaUrl="#J_bbmp_dry_waste_collection_centres_SSSIISI">
				<SimpleData name="DWCCName">GANGANAGAR</SimpleData>
				<SimpleData name="DepartmentCode">180</SimpleData>
				<SimpleData name="KGISCode">29572055428031620000URBMPPUGENDWC0179</SimpleData>
				<SimpleData name="KGISDWCCID">180</SimpleData>
				<SimpleData name="KGISVillageID">15103</SimpleData>
				<SimpleData name="KGISWardID">20</SimpleData>
				<SimpleData name="OBJECTID">91</SimpleData>
			</SchemaData>
		</ExtendedData>
		<Point>
			<coordinates>77.58157799999999,13.0274927,0</coordinates>
		</Point>
	</Placemark>
	<Placemark>
		<styleUrl>#bbmp_dry_waste_collection_centres_style</styleUrl>
		<ExtendedData>
			<SchemaData schemaUrl="#J_bbmp_dry_waste_collection_centres_SSSIISI">
				<SimpleData name="DWCCName">KAVALBYRASANDRA</SimpleData>
				<SimpleData name="DepartmentCode">181</SimpleData>
				<SimpleData name="KGISCode">29572055428031620000URBMPPUGENDWC0180</SimpleData>
				<SimpleData name="KGISDWCCID">181</SimpleData>
				<SimpleData name="KGISVillageID">15142</SimpleData>
				<SimpleData name="KGISWardID">32</SimpleData>
				<SimpleData name="OBJECTID">92</SimpleData>
			</SchemaData>
		</ExtendedData>
		<Point>
			<coordinates>77.6011487,13.0230564,0</coordinates>
		</Point>
	</Placemark>
	<Placemark>
		<styleUrl>#bbmp_dry_waste_collection_centres_style</styleUrl>
		<ExtendedData>
			<SchemaData schemaUrl="#J_bbmp_dry_waste_collection_centres_SSSIISI">
				<SimpleData name="DWCCName">Jayachamarajendra  Nagar</SimpleData>
				<SimpleData name="DepartmentCode">182</SimpleData>
				<SimpleData name="KGISCode">29572055428031620000URBMPPUGENDWC0181</SimpleData>
				<SimpleData name="KGISDWCCID">182</SimpleData>
				<SimpleData name="KGISVillageID">15142</SimpleData>
				<SimpleData name="KGISWardID">46</SimpleData>
				<SimpleData name="OBJECTID">93</SimpleData>
			</SchemaData>
		</ExtendedData>
		<Point>
			<coordinates>77.59568640000001,13.0176589,0</coordinates>
		</Point>
	</Placemark>
	<Placemark>
		<styleUrl>#bbmp_dry_waste_collection_centres_style</styleUrl>
		<ExtendedData>
			<SchemaData schemaUrl="#J_bbmp_dry_waste_collection_centres_SSSIISI">
				<SimpleData name="DWCCName">Jayachamarajendra  Nagar</SimpleData>
				<SimpleData name="DepartmentCode">183</SimpleData>
				<SimpleData name="KGISCode">29572055428031620000URBMPPUGENDWC0182</SimpleData>
				<SimpleData name="KGISDWCCID">183</SimpleData>
				<SimpleData name="KGISVillageID">15142</SimpleData>
				<SimpleData name="KGISWardID">46</SimpleData>
				<SimpleData name="OBJECTID">94</SimpleData>
			</SchemaData>
		</ExtendedData>
		<Point>
			<coordinates>77.5951884,13.0143319,0</coordinates>
		</Point>
	</Placemark>
	<Placemark>
		<styleUrl>#bbmp_dry_waste_collection_centres_style</styleUrl>
		<ExtendedData>
			<SchemaData schemaUrl="#J_bbmp_dry_waste_collection_centres_SSSIISI">
				<SimpleData name="DWCCName">DEVARA JEEVANA HALLI</SimpleData>
				<SimpleData name="DepartmentCode">184</SimpleData>
				<SimpleData name="KGISCode">29572055428031620000URBMPPUGENDWC0183</SimpleData>
				<SimpleData name="KGISDWCCID">184</SimpleData>
				<SimpleData name="KGISVillageID">15152</SimpleData>
				<SimpleData name="KGISWardID">47</SimpleData>
				<SimpleData name="OBJECTID">95</SimpleData>
			</SchemaData>
		</ExtendedData>
		<Point>
			<coordinates>77.5993756,13.0159559,0</coordinates>
		</Point>
	</Placemark>
	<Placemark>
		<styleUrl>#bbmp_dry_waste_collection_centres_style</styleUrl>
		<ExtendedData>
			<SchemaData schemaUrl="#J_bbmp_dry_waste_collection_centres_SSSIISI">
				<SimpleData name="DWCCName">DEVARA JEEVANA HALLI</SimpleData>
				<SimpleData name="DepartmentCode">185</SimpleData>
				<SimpleData name="KGISCode">29572055428031620000URBMPPUGENDWC0184</SimpleData>
				<SimpleData name="KGISDWCCID">185</SimpleData>
				<SimpleData name="KGISVillageID">15133</SimpleData>
				<SimpleData name="KGISWardID">47</SimpleData>
				<SimpleData name="OBJECTID">96</SimpleData>
			</SchemaData>
		</ExtendedData>
		<Point>
			<coordinates>77.6055516,13.0157425,0</coordinates>
		</Point>
	</Placemark>
	<Placemark>
		<styleUrl>#bbmp_dry_waste_collection_centres_style</styleUrl>
		<ExtendedData>
			<SchemaData schemaUrl="#J_bbmp_dry_waste_collection_centres_SSSIISI">
				<SimpleData name="DWCCName">KAVALBYRASANDRA</SimpleData>
				<SimpleData name="DepartmentCode">186</SimpleData>
				<SimpleData name="KGISCode">29572055428031620000URBMPPUGENDWC0185</SimpleData>
				<SimpleData name="KGISDWCCID">186</SimpleData>
				<SimpleData name="KGISVillageID">15133</SimpleData>
				<SimpleData name="KGISWardID">32</SimpleData>
				<SimpleData name="OBJECTID">97</SimpleData>
			</SchemaData>
		</ExtendedData>
		<Point>
			<coordinates>77.61028159999999,13.0249334,0</coordinates>
		</Point>
	</Placemark>
	<Placemark>
		<styleUrl>#bbmp_dry_waste_collection_centres_style</styleUrl>
		<ExtendedData>
			<SchemaData schemaUrl="#J_bbmp_dry_waste_collection_centres_SSSIISI">
				<SimpleData name="DWCCName">NAGAWARA</SimpleData>
				<SimpleData name="DepartmentCode">187</SimpleData>
				<SimpleData name="KGISCode">29572055428031620000URBMPPUGENDWC0186</SimpleData>
				<SimpleData name="KGISDWCCID">187</SimpleData>
				<SimpleData name="KGISVillageID">15146</SimpleData>
				<SimpleData name="KGISWardID">23</SimpleData>
				<SimpleData name="OBJECTID">98</SimpleData>
			</SchemaData>
		</ExtendedData>
		<Point>
			<coordinates>77.6137827,13.0347423,0</coordinates>
		</Point>
	</Placemark>
	<Placemark>
		<styleUrl>#bbmp_dry_waste_collection_centres_style</styleUrl>
		<ExtendedData>
			<SchemaData schemaUrl="#J_bbmp_dry_waste_collection_centres_SSSIISI">
				<SimpleData name="DWCCName">NAGAWARA</SimpleData>
				<SimpleData name="DepartmentCode">188</SimpleData>
				<SimpleData name="KGISCode">29572055428031620000URBMPPUGENDWC0187</SimpleData>
				<SimpleData name="KGISDWCCID">188</SimpleData>
				<SimpleData name="KGISVillageID">15146</SimpleData>
				<SimpleData name="KGISWardID">23</SimpleData>
				<SimpleData name="OBJECTID">99</SimpleData>
			</SchemaData>
		</ExtendedData>
		<Point>
			<coordinates>77.62226630000001,13.0335964,0</coordinates>
		</Point>
	</Placemark>
	<Placemark>
		<styleUrl>#bbmp_dry_waste_collection_centres_style</styleUrl>
		<ExtendedData>
			<SchemaData schemaUrl="#J_bbmp_dry_waste_collection_centres_SSSIISI">
				<SimpleData name="DWCCName">HORAMAVU</SimpleData>
				<SimpleData name="DepartmentCode">189</SimpleData>
				<SimpleData name="KGISCode">29572055428031620000URBMPPUGENDWC0188</SimpleData>
				<SimpleData name="KGISDWCCID">189</SimpleData>
				<SimpleData name="KGISVillageID">21399</SimpleData>
				<SimpleData name="KGISWardID">25</SimpleData>
				<SimpleData name="OBJECTID">100</SimpleData>
			</SchemaData>
		</ExtendedData>
		<Point>
			<coordinates>77.6621133,13.0331898,0</coordinates>
		</Point>
	</Placemark>
	<Placemark>
		<styleUrl>#bbmp_dry_waste_collection_centres_style</styleUrl>
		<ExtendedData>
			<SchemaData schemaUrl="#J_bbmp_dry_waste_collection_centres_SSSIISI">
				<SimpleData name="DWCCName">V NAGENAHALLI</SimpleData>
				<SimpleData name="DepartmentCode">19</SimpleData>
				<SimpleData name="KGISCode">29572055428031620000URBMPPUGENDWC0019</SimpleData>
				<SimpleData name="KGISDWCCID">19</SimpleData>
				<SimpleData name="KGISVillageID">15143</SimpleData>
				<SimpleData name="KGISWardID">22</SimpleData>
				<SimpleData name="OBJECTID">101</SimpleData>
			</SchemaData>
		</ExtendedData>
		<Point>
			<coordinates>77.56177099999999,13.03763,0</coordinates>
		</Point>
	</Placemark>
	<Placemark>
		<styleUrl>#bbmp_dry_waste_collection_centres_style</styleUrl>
		<ExtendedData>
			<SchemaData schemaUrl="#J_bbmp_dry_waste_collection_centres_SSSIISI">
				<SimpleData name="DWCCName">HORAMAVU</SimpleData>
				<SimpleData name="DepartmentCode">190</SimpleData>
				<SimpleData name="KGISCode">29572055428031620000URBMPPUGENDWC0189</SimpleData>
				<SimpleData name="KGISDWCCID">190</SimpleData>
				<SimpleData name="KGISVillageID">21398</SimpleData>
				<SimpleData name="KGISWardID">25</SimpleData>
				<SimpleData name="OBJECTID">102</SimpleData>
			</SchemaData>
		</ExtendedData>
		<Point>
			<coordinates>77.6628224,13.0272761,0</coordinates>
		</Point>
	</Placemark>
	<Placemark>
		<styleUrl>#bbmp_dry_waste_collection_centres_style</styleUrl>
		<ExtendedData>
			<SchemaData schemaUrl="#J_bbmp_dry_waste_collection_centres_SSSIISI">
				<SimpleData name="DWCCName"></SimpleData>
				<SimpleData name="DepartmentCode">191</SimpleData>
				<SimpleData name="KGISCode">29572055446130810000URBMPPUGENDWC0001</SimpleData>
				<SimpleData name="KGISDWCCID">191</SimpleData>
				<SimpleData name="KGISVillageID">21364</SimpleData>
				<SimpleData name="KGISWardID"></SimpleData>
				<SimpleData name="OBJECTID">103</SimpleData>
			</SchemaData>
		</ExtendedData>
		<Point>
			<coordinates>77.7085422,13.0274079,0</coordinates>
		</Point>
	</Placemark>
	<Placemark>
		<styleUrl>#bbmp_dry_waste_collection_centres_style</styleUrl>
		<ExtendedData>
			<SchemaData schemaUrl="#J_bbmp_dry_waste_collection_centres_SSSIISI">
				<SimpleData name="DWCCName">K R PURAM</SimpleData>
				<SimpleData name="DepartmentCode">192</SimpleData>
				<SimpleData name="KGISCode">29572055428031620000URBMPPUGENDWC0190</SimpleData>
				<SimpleData name="KGISDWCCID">192</SimpleData>
				<SimpleData name="KGISVillageID">21353</SimpleData>
				<SimpleData name="KGISWardID">52</SimpleData>
				<SimpleData name="OBJECTID">104</SimpleData>
			</SchemaData>
		</ExtendedData>
		<Point>
			<coordinates>77.7036595,13.0186754,0</coordinates>
		</Point>
	</Placemark>
	<Placemark>
		<styleUrl>#bbmp_dry_waste_collection_centres_style</styleUrl>
		<ExtendedData>
			<SchemaData schemaUrl="#J_bbmp_dry_waste_collection_centres_SSSIISI">
				<SimpleData name="DWCCName">DEVASANDRA</SimpleData>
				<SimpleData name="DepartmentCode">193</SimpleData>
				<SimpleData name="KGISCode">29572055428031620000URBMPPUGENDWC0191</SimpleData>
				<SimpleData name="KGISDWCCID">193</SimpleData>
				<SimpleData name="KGISVillageID">21420</SimpleData>
				<SimpleData name="KGISWardID">55</SimpleData>
				<SimpleData name="OBJECTID">105</SimpleData>
			</SchemaData>
		</ExtendedData>
		<Point>
			<coordinates>77.69347430000001,13.0051518,0</coordinates>
		</Point>
	</Placemark>
	<Placemark>
		<styleUrl>#bbmp_dry_waste_collection_centres_style</styleUrl>
		<ExtendedData>
			<SchemaData schemaUrl="#J_bbmp_dry_waste_collection_centres_SSSIISI">
				<SimpleData name="DWCCName">GARUDACHARPALYA</SimpleData>
				<SimpleData name="DepartmentCode">194</SimpleData>
				<SimpleData name="KGISCode">29572055428031620000URBMPPUGENDWC0192</SimpleData>
				<SimpleData name="KGISDWCCID">194</SimpleData>
				<SimpleData name="KGISVillageID">21411</SimpleData>
				<SimpleData name="KGISWardID">82</SimpleData>
				<SimpleData name="OBJECTID">106</SimpleData>
			</SchemaData>
		</ExtendedData>
		<Point>
			<coordinates>77.7148775,12.9850903,0</coordinates>
		</Point>
	</Placemark>
	<Placemark>
		<styleUrl>#bbmp_dry_waste_collection_centres_style</styleUrl>
		<ExtendedData>
			<SchemaData schemaUrl="#J_bbmp_dry_waste_collection_centres_SSSIISI">
				<SimpleData name="DWCCName">Vijnana Nagar</SimpleData>
				<SimpleData name="DepartmentCode">195</SimpleData>
				<SimpleData name="KGISCode">29572055428031620000URBMPPUGENDWC0193</SimpleData>
				<SimpleData name="KGISDWCCID">195</SimpleData>
				<SimpleData name="KGISVillageID">21410</SimpleData>
				<SimpleData name="KGISWardID">81</SimpleData>
				<SimpleData name="OBJECTID">107</SimpleData>
			</SchemaData>
		</ExtendedData>
		<Point>
			<coordinates>77.6954384,12.9868071,0</coordinates>
		</Point>
	</Placemark>
	<Placemark>
		<styleUrl>#bbmp_dry_waste_collection_centres_style</styleUrl>
		<ExtendedData>
			<SchemaData schemaUrl="#J_bbmp_dry_waste_collection_centres_SSSIISI">
				<SimpleData name="DWCCName">A NARAYANAPURA</SimpleData>
				<SimpleData name="DepartmentCode">196</SimpleData>
				<SimpleData name="KGISCode">29572055428031620000URBMPPUGENDWC0194</SimpleData>
				<SimpleData name="KGISDWCCID">196</SimpleData>
				<SimpleData name="KGISVillageID">21387</SimpleData>
				<SimpleData name="KGISWardID">56</SimpleData>
				<SimpleData name="OBJECTID">108</SimpleData>
			</SchemaData>
		</ExtendedData>
		<Point>
			<coordinates>77.6700057,12.9913101,0</coordinates>
		</Point>
	</Placemark>
	<Placemark>
		<styleUrl>#bbmp_dry_waste_collection_centres_style</styleUrl>
		<ExtendedData>
			<SchemaData schemaUrl="#J_bbmp_dry_waste_collection_centres_SSSIISI">
				<SimpleData name="DWCCName">BENNIGANAHALLI</SimpleData>
				<SimpleData name="DepartmentCode">197</SimpleData>
				<SimpleData name="KGISCode">29572055428031620000URBMPPUGENDWC0195</SimpleData>
				<SimpleData name="KGISDWCCID">197</SimpleData>
				<SimpleData name="KGISVillageID">21404</SimpleData>
				<SimpleData name="KGISWardID">50</SimpleData>
				<SimpleData name="OBJECTID">109</SimpleData>
			</SchemaData>
		</ExtendedData>
		<Point>
			<coordinates>77.6607008,13.0021582,0</coordinates>
		</Point>
	</Placemark>
	<Placemark>
		<styleUrl>#bbmp_dry_waste_collection_centres_style</styleUrl>
		<ExtendedData>
			<SchemaData schemaUrl="#J_bbmp_dry_waste_collection_centres_SSSIISI">
				<SimpleData name="DWCCName">Banasavadi</SimpleData>
				<SimpleData name="DepartmentCode">198</SimpleData>
				<SimpleData name="KGISCode">29572055428031620000URBMPPUGENDWC0196</SimpleData>
				<SimpleData name="KGISDWCCID">198</SimpleData>
				<SimpleData name="KGISVillageID">21404</SimpleData>
				<SimpleData name="KGISWardID">27</SimpleData>
				<SimpleData name="OBJECTID">110</SimpleData>
			</SchemaData>
		</ExtendedData>
		<Point>
			<coordinates>77.65302629999999,13.0066287,0</coordinates>
		</Point>
	</Placemark>
	<Placemark>
		<styleUrl>#bbmp_dry_waste_collection_centres_style</styleUrl>
		<ExtendedData>
			<SchemaData schemaUrl="#J_bbmp_dry_waste_collection_centres_SSSIISI">
				<SimpleData name="DWCCName">NEW TIPPASANDRA</SimpleData>
				<SimpleData name="DepartmentCode">199</SimpleData>
				<SimpleData name="KGISCode">29572055428031620000URBMPPUGENDWC0197</SimpleData>
				<SimpleData name="KGISDWCCID">199</SimpleData>
				<SimpleData name="KGISVillageID">21405</SimpleData>
				<SimpleData name="KGISWardID">58</SimpleData>
				<SimpleData name="OBJECTID">111</SimpleData>
			</SchemaData>
		</ExtendedData>
		<Point>
			<coordinates>77.66727229999999,12.9811915,0</coordinates>
		</Point>
	</Placemark>
	<Placemark>
		<styleUrl>#bbmp_dry_waste_collection_centres_style</styleUrl>
		<ExtendedData>
			<SchemaData schemaUrl="#J_bbmp_dry_waste_collection_centres_SSSIISI">
				<SimpleData name="DWCCName">CHOWDESHWARI</SimpleData>
				<SimpleData name="DepartmentCode">2</SimpleData>
				<SimpleData name="KGISCode">29572055428031620000URBMPPUGENDWC0002</SimpleData>
				<SimpleData name="KGISDWCCID">2</SimpleData>
				<SimpleData name="KGISVillageID">15420</SimpleData>
				<SimpleData name="KGISWardID">2</SimpleData>
				<SimpleData name="OBJECTID">112</SimpleData>
			</SchemaData>
		</ExtendedData>
		<Point>
			<coordinates>77.576493,13.10949,0</coordinates>
		</Point>
	</Placemark>
	<Placemark>
		<styleUrl>#bbmp_dry_waste_collection_centres_style</styleUrl>
		<ExtendedData>
			<SchemaData schemaUrl="#J_bbmp_dry_waste_collection_centres_SSSIISI">
				<SimpleData name="DWCCName">NAGAWARA</SimpleData>
				<SimpleData name="DepartmentCode">20</SimpleData>
				<SimpleData name="KGISCode">29572055428031620000URBMPPUGENDWC0020</SimpleData>
				<SimpleData name="KGISDWCCID">20</SimpleData>
				<SimpleData name="KGISVillageID">21389</SimpleData>
				<SimpleData name="KGISWardID">23</SimpleData>
				<SimpleData name="OBJECTID">113</SimpleData>
			</SchemaData>
		</ExtendedData>
		<Point>
			<coordinates>77.641867,13.04253,0</coordinates>
		</Point>
	</Placemark>
	<Placemark>
		<styleUrl>#bbmp_dry_waste_collection_centres_style</styleUrl>
		<ExtendedData>
			<SchemaData schemaUrl="#J_bbmp_dry_waste_collection_centres_SSSIISI">
				<SimpleData name="DWCCName">Vijnana Nagar</SimpleData>
				<SimpleData name="DepartmentCode">200</SimpleData>
				<SimpleData name="KGISCode">29572055428031620000URBMPPUGENDWC0198</SimpleData>
				<SimpleData name="KGISDWCCID">200</SimpleData>
				<SimpleData name="KGISVillageID">21433</SimpleData>
				<SimpleData name="KGISWardID">81</SimpleData>
				<SimpleData name="OBJECTID">114</SimpleData>
			</SchemaData>
		</ExtendedData>
		<Point>
			<coordinates>77.679383,12.972889,0</coordinates>
		</Point>
	</Placemark>
	<Placemark>
		<styleUrl>#bbmp_dry_waste_collection_centres_style</styleUrl>
		<ExtendedData>
			<SchemaData schemaUrl="#J_bbmp_dry_waste_collection_centres_SSSIISI">
				<SimpleData name="DWCCName">HAGADUR</SimpleData>
				<SimpleData name="DepartmentCode">201</SimpleData>
				<SimpleData name="KGISCode">29572055428031620000URBMPPUGENDWC0199</SimpleData>
				<SimpleData name="KGISDWCCID">201</SimpleData>
				<SimpleData name="KGISVillageID">21393</SimpleData>
				<SimpleData name="KGISWardID">85</SimpleData>
				<SimpleData name="OBJECTID">115</SimpleData>
			</SchemaData>
		</ExtendedData>
		<Point>
			<coordinates>77.6904919,12.9720171,0</coordinates>
		</Point>
	</Placemark>
	<Placemark>
		<styleUrl>#bbmp_dry_waste_collection_centres_style</styleUrl>
		<ExtendedData>
			<SchemaData schemaUrl="#J_bbmp_dry_waste_collection_centres_SSSIISI">
				<SimpleData name="DWCCName">JEEVANBHIMANAGAR</SimpleData>
				<SimpleData name="DepartmentCode">202</SimpleData>
				<SimpleData name="KGISCode">29572055428031620000URBMPPUGENDWC0200</SimpleData>
				<SimpleData name="KGISDWCCID">202</SimpleData>
				<SimpleData name="KGISVillageID">21477</SimpleData>
				<SimpleData name="KGISWardID">88</SimpleData>
				<SimpleData name="OBJECTID">116</SimpleData>
			</SchemaData>
		</ExtendedData>
		<Point>
			<coordinates>77.655973,12.9641939,0</coordinates>
		</Point>
	</Placemark>
	<Placemark>
		<styleUrl>#bbmp_dry_waste_collection_centres_style</styleUrl>
		<ExtendedData>
			<SchemaData schemaUrl="#J_bbmp_dry_waste_collection_centres_SSSIISI">
				<SimpleData name="DWCCName">NEW TIPPASANDRA</SimpleData>
				<SimpleData name="DepartmentCode">203</SimpleData>
				<SimpleData name="KGISCode">29572055428031620000URBMPPUGENDWC0201</SimpleData>
				<SimpleData name="KGISDWCCID">203</SimpleData>
				<SimpleData name="KGISVillageID">21413</SimpleData>
				<SimpleData name="KGISWardID">58</SimpleData>
				<SimpleData name="OBJECTID">117</SimpleData>
			</SchemaData>
		</ExtendedData>
		<Point>
			<coordinates>77.64892500000001,12.9694149,0</coordinates>
		</Point>
	</Placemark>
	<Placemark>
		<styleUrl>#bbmp_dry_waste_collection_centres_style</styleUrl>
		<ExtendedData>
			<SchemaData schemaUrl="#J_bbmp_dry_waste_collection_centres_SSSIISI">
				<SimpleData name="DWCCName">HOYSALANAGAR</SimpleData>
				<SimpleData name="DepartmentCode">204</SimpleData>
				<SimpleData name="KGISCode">29572055428031620000URBMPPUGENDWC0202</SimpleData>
				<SimpleData name="KGISDWCCID">204</SimpleData>
				<SimpleData name="KGISVillageID">15118</SimpleData>
				<SimpleData name="KGISWardID">80</SimpleData>
				<SimpleData name="OBJECTID">118</SimpleData>
			</SchemaData>
		</ExtendedData>
		<Point>
			<coordinates>77.6363482,12.9775694,0</coordinates>
		</Point>
	</Placemark>
	<Placemark>
		<styleUrl>#bbmp_dry_waste_collection_centres_style</styleUrl>
		<ExtendedData>
			<SchemaData schemaUrl="#J_bbmp_dry_waste_collection_centres_SSSIISI">
				<SimpleData name="DWCCName">SARVAGNANAGAR</SimpleData>
				<SimpleData name="DepartmentCode">205</SimpleData>
				<SimpleData name="KGISCode">29572055428031620000URBMPPUGENDWC0203</SimpleData>
				<SimpleData name="KGISDWCCID">205</SimpleData>
				<SimpleData name="KGISVillageID">15118</SimpleData>
				<SimpleData name="KGISWardID">79</SimpleData>
				<SimpleData name="OBJECTID">119</SimpleData>
			</SchemaData>
		</ExtendedData>
		<Point>
			<coordinates>77.6364521,12.9874124,0</coordinates>
		</Point>
	</Placemark>
	<Placemark>
		<styleUrl>#bbmp_dry_waste_collection_centres_style</styleUrl>
		<ExtendedData>
			<SchemaData schemaUrl="#J_bbmp_dry_waste_collection_centres_SSSIISI">
				<SimpleData name="DWCCName">Maruthi Seva Nagar</SimpleData>
				<SimpleData name="DepartmentCode">206</SimpleData>
				<SimpleData name="KGISCode">29572055428031620000URBMPPUGENDWC0204</SimpleData>
				<SimpleData name="KGISDWCCID">206</SimpleData>
				<SimpleData name="KGISVillageID">21390</SimpleData>
				<SimpleData name="KGISWardID">59</SimpleData>
				<SimpleData name="OBJECTID">120</SimpleData>
			</SchemaData>
		</ExtendedData>
		<Point>
			<coordinates>77.63765770000001,12.999213,0</coordinates>
		</Point>
	</Placemark>
	<Placemark>
		<styleUrl>#bbmp_dry_waste_collection_centres_style</styleUrl>
		<ExtendedData>
			<SchemaData schemaUrl="#J_bbmp_dry_waste_collection_centres_SSSIISI">
				<SimpleData name="DWCCName">Lingarajapura</SimpleData>
				<SimpleData name="DepartmentCode">207</SimpleData>
				<SimpleData name="KGISCode">29572055428031620000URBMPPUGENDWC0205</SimpleData>
				<SimpleData name="KGISDWCCID">207</SimpleData>
				<SimpleData name="KGISVillageID">15126</SimpleData>
				<SimpleData name="KGISWardID">49</SimpleData>
				<SimpleData name="OBJECTID">121</SimpleData>
			</SchemaData>
		</ExtendedData>
		<Point>
			<coordinates>77.6309476,13.0073079,0</coordinates>
		</Point>
	</Placemark>
	<Placemark>
		<styleUrl>#bbmp_dry_waste_collection_centres_style</styleUrl>
		<ExtendedData>
			<SchemaData schemaUrl="#J_bbmp_dry_waste_collection_centres_SSSIISI">
				<SimpleData name="DWCCName">Lingarajapura</SimpleData>
				<SimpleData name="DepartmentCode">208</SimpleData>
				<SimpleData name="KGISCode">29572055428031620000URBMPPUGENDWC0206</SimpleData>
				<SimpleData name="KGISDWCCID">208</SimpleData>
				<SimpleData name="KGISVillageID">15126</SimpleData>
				<SimpleData name="KGISWardID">49</SimpleData>
				<SimpleData name="OBJECTID">122</SimpleData>
			</SchemaData>
		</ExtendedData>
		<Point>
			<coordinates>77.624167,13.0087396,0</coordinates>
		</Point>
	</Placemark>
	<Placemark>
		<styleUrl>#bbmp_dry_waste_collection_centres_style</styleUrl>
		<ExtendedData>
			<SchemaData schemaUrl="#J_bbmp_dry_waste_collection_centres_SSSIISI">
				<SimpleData name="DWCCName">HBR LAYOUT</SimpleData>
				<SimpleData name="DepartmentCode">209</SimpleData>
				<SimpleData name="KGISCode">29572055428031620000URBMPPUGENDWC0207</SimpleData>
				<SimpleData name="KGISDWCCID">209</SimpleData>
				<SimpleData name="KGISVillageID">15124</SimpleData>
				<SimpleData name="KGISWardID">24</SimpleData>
				<SimpleData name="OBJECTID">123</SimpleData>
			</SchemaData>
		</ExtendedData>
		<Point>
			<coordinates>77.6268833,13.0173446,0</coordinates>
		</Point>
	</Placemark>
	<Placemark>
		<styleUrl>#bbmp_dry_waste_collection_centres_style</styleUrl>
		<ExtendedData>
			<SchemaData schemaUrl="#J_bbmp_dry_waste_collection_centres_SSSIISI">
				<SimpleData name="DWCCName">HBR LAYOUT</SimpleData>
				<SimpleData name="DepartmentCode">21</SimpleData>
				<SimpleData name="KGISCode">29572055428031620000URBMPPUGENDWC0021</SimpleData>
				<SimpleData name="KGISDWCCID">21</SimpleData>
				<SimpleData name="KGISVillageID">21389</SimpleData>
				<SimpleData name="KGISWardID">24</SimpleData>
				<SimpleData name="OBJECTID">124</SimpleData>
			</SchemaData>
		</ExtendedData>
		<Point>
			<coordinates>77.64188,13.042564,0</coordinates>
		</Point>
	</Placemark>
	<Placemark>
		<styleUrl>#bbmp_dry_waste_collection_centres_style</styleUrl>
		<ExtendedData>
			<SchemaData schemaUrl="#J_bbmp_dry_waste_collection_centres_SSSIISI">
				<SimpleData name="DWCCName">KG HALLI</SimpleData>
				<SimpleData name="DepartmentCode">210</SimpleData>
				<SimpleData name="KGISCode">29572055428031620000URBMPPUGENDWC0208</SimpleData>
				<SimpleData name="KGISDWCCID">210</SimpleData>
				<SimpleData name="KGISVillageID">15124</SimpleData>
				<SimpleData name="KGISWardID">30</SimpleData>
				<SimpleData name="OBJECTID">125</SimpleData>
			</SchemaData>
		</ExtendedData>
		<Point>
			<coordinates>77.6187841,13.0109143,0</coordinates>
		</Point>
	</Placemark>
	<Placemark>
		<styleUrl>#bbmp_dry_waste_collection_centres_style</styleUrl>
		<ExtendedData>
			<SchemaData schemaUrl="#J_bbmp_dry_waste_collection_centres_SSSIISI">
				<SimpleData name="DWCCName">MUNESHWARANAGAR</SimpleData>
				<SimpleData name="DepartmentCode">211</SimpleData>
				<SimpleData name="KGISCode">29572055428031620000URBMPPUGENDWC0209</SimpleData>
				<SimpleData name="KGISDWCCID">211</SimpleData>
				<SimpleData name="KGISVillageID">15088</SimpleData>
				<SimpleData name="KGISWardID">48</SimpleData>
				<SimpleData name="OBJECTID">126</SimpleData>
			</SchemaData>
		</ExtendedData>
		<Point>
			<coordinates>77.61229299999999,13.0105254,0</coordinates>
		</Point>
	</Placemark>
	<Placemark>
		<styleUrl>#bbmp_dry_waste_collection_centres_style</styleUrl>
		<ExtendedData>
			<SchemaData schemaUrl="#J_bbmp_dry_waste_collection_centres_SSSIISI">
				<SimpleData name="DWCCName">SK GARDEN</SimpleData>
				<SimpleData name="DepartmentCode">212</SimpleData>
				<SimpleData name="KGISCode">29572055428031620000URBMPPUGENDWC0210</SimpleData>
				<SimpleData name="KGISDWCCID">212</SimpleData>
				<SimpleData name="KGISVillageID">15121</SimpleData>
				<SimpleData name="KGISWardID">61</SimpleData>
				<SimpleData name="OBJECTID">127</SimpleData>
			</SchemaData>
		</ExtendedData>
		<Point>
			<coordinates>77.6095741,13.0016172,0</coordinates>
		</Point>
	</Placemark>
	<Placemark>
		<styleUrl>#bbmp_dry_waste_collection_centres_style</styleUrl>
		<ExtendedData>
			<SchemaData schemaUrl="#J_bbmp_dry_waste_collection_centres_SSSIISI">
				<SimpleData name="DWCCName">SAGAYA PURAM</SimpleData>
				<SimpleData name="DepartmentCode">213</SimpleData>
				<SimpleData name="KGISCode">29572055428031620000URBMPPUGENDWC0211</SimpleData>
				<SimpleData name="KGISDWCCID">213</SimpleData>
				<SimpleData name="KGISVillageID">15123</SimpleData>
				<SimpleData name="KGISWardID">60</SimpleData>
				<SimpleData name="OBJECTID">128</SimpleData>
			</SchemaData>
		</ExtendedData>
		<Point>
			<coordinates>77.61794039999999,13.0041076,0</coordinates>
		</Point>
	</Placemark>
	<Placemark>
		<styleUrl>#bbmp_dry_waste_collection_centres_style</styleUrl>
		<ExtendedData>
			<SchemaData schemaUrl="#J_bbmp_dry_waste_collection_centres_SSSIISI">
				<SimpleData name="DWCCName">PULAKESHINAGAR</SimpleData>
				<SimpleData name="DepartmentCode">214</SimpleData>
				<SimpleData name="KGISCode">29572055428031620000URBMPPUGENDWC0212</SimpleData>
				<SimpleData name="KGISDWCCID">214</SimpleData>
				<SimpleData name="KGISVillageID">30092</SimpleData>
				<SimpleData name="KGISWardID">78</SimpleData>
				<SimpleData name="OBJECTID">129</SimpleData>
			</SchemaData>
		</ExtendedData>
		<Point>
			<coordinates>77.60935480000001,12.9954099,0</coordinates>
		</Point>
	</Placemark>
	<Placemark>
		<styleUrl>#bbmp_dry_waste_collection_centres_style</styleUrl>
		<ExtendedData>
			<SchemaData schemaUrl="#J_bbmp_dry_waste_collection_centres_SSSIISI">
				<SimpleData name="DWCCName">Shivaji Nagar</SimpleData>
				<SimpleData name="DepartmentCode">215</SimpleData>
				<SimpleData name="KGISCode">29572055428031620000URBMPPUGENDWC0213</SimpleData>
				<SimpleData name="KGISDWCCID">215</SimpleData>
				<SimpleData name="KGISVillageID">30092</SimpleData>
				<SimpleData name="KGISWardID">92</SimpleData>
				<SimpleData name="OBJECTID">130</SimpleData>
			</SchemaData>
		</ExtendedData>
		<Point>
			<coordinates>77.60803079999999,12.986942,0</coordinates>
		</Point>
	</Placemark>
	<Placemark>
		<styleUrl>#bbmp_dry_waste_collection_centres_style</styleUrl>
		<ExtendedData>
			<SchemaData schemaUrl="#J_bbmp_dry_waste_collection_centres_SSSIISI">
				<SimpleData name="DWCCName">SAMPANGIRAMNAGAR</SimpleData>
				<SimpleData name="DepartmentCode">216</SimpleData>
				<SimpleData name="KGISCode">29572055428031620000URBMPPUGENDWC0214</SimpleData>
				<SimpleData name="KGISDWCCID">216</SimpleData>
				<SimpleData name="KGISVillageID">30092</SimpleData>
				<SimpleData name="KGISWardID">110</SimpleData>
				<SimpleData name="OBJECTID">131</SimpleData>
			</SchemaData>
		</ExtendedData>
		<Point>
			<coordinates>77.6032027,12.9830527,0</coordinates>
		</Point>
	</Placemark>
	<Placemark>
		<styleUrl>#bbmp_dry_waste_collection_centres_style</styleUrl>
		<ExtendedData>
			<SchemaData schemaUrl="#J_bbmp_dry_waste_collection_centres_SSSIISI">
				<SimpleData name="DWCCName">PULAKESHINAGAR</SimpleData>
				<SimpleData name="DepartmentCode">217</SimpleData>
				<SimpleData name="KGISCode">29572055428031620000URBMPPUGENDWC0215</SimpleData>
				<SimpleData name="KGISDWCCID">217</SimpleData>
				<SimpleData name="KGISVillageID">30092</SimpleData>
				<SimpleData name="KGISWardID">78</SimpleData>
				<SimpleData name="OBJECTID">132</SimpleData>
			</SchemaData>
		</ExtendedData>
		<Point>
			<coordinates>77.5999332,12.995353,0</coordinates>
		</Point>
	</Placemark>
	<Placemark>
		<styleUrl>#bbmp_dry_waste_collection_centres_style</styleUrl>
		<ExtendedData>
			<SchemaData schemaUrl="#J_bbmp_dry_waste_collection_centres_SSSIISI">
				<SimpleData name="DWCCName">Aramane Nagara</SimpleData>
				<SimpleData name="DepartmentCode">218</SimpleData>
				<SimpleData name="KGISCode">29572055428031620000URBMPPUGENDWC0216</SimpleData>
				<SimpleData name="KGISDWCCID">218</SimpleData>
				<SimpleData name="KGISVillageID">15147</SimpleData>
				<SimpleData name="KGISWardID">35</SimpleData>
				<SimpleData name="OBJECTID">133</SimpleData>
			</SchemaData>
		</ExtendedData>
		<Point>
			<coordinates>77.5920256,13.0072453,0</coordinates>
		</Point>
	</Placemark>
	<Placemark>
		<styleUrl>#bbmp_dry_waste_collection_centres_style</styleUrl>
		<ExtendedData>
			<SchemaData schemaUrl="#J_bbmp_dry_waste_collection_centres_SSSIISI">
				<SimpleData name="DWCCName">Aramane Nagara</SimpleData>
				<SimpleData name="DepartmentCode">219</SimpleData>
				<SimpleData name="KGISCode">29572055428031620000URBMPPUGENDWC0217</SimpleData>
				<SimpleData name="KGISDWCCID">219</SimpleData>
				<SimpleData name="KGISVillageID">30091</SimpleData>
				<SimpleData name="KGISWardID">35</SimpleData>
				<SimpleData name="OBJECTID">134</SimpleData>
			</SchemaData>
		</ExtendedData>
		<Point>
			<coordinates>77.575975,13.0084654,0</coordinates>
		</Point>
	</Placemark>
	<Placemark>
		<styleUrl>#bbmp_dry_waste_collection_centres_style</styleUrl>
		<ExtendedData>
			<SchemaData schemaUrl="#J_bbmp_dry_waste_collection_centres_SSSIISI">
				<SimpleData name="DWCCName">HORAMAVU</SimpleData>
				<SimpleData name="DepartmentCode">22</SimpleData>
				<SimpleData name="KGISCode">29572055428031620000URBMPPUGENDWC0022</SimpleData>
				<SimpleData name="KGISDWCCID">22</SimpleData>
				<SimpleData name="KGISVillageID">21400</SimpleData>
				<SimpleData name="KGISWardID">25</SimpleData>
				<SimpleData name="OBJECTID">135</SimpleData>
			</SchemaData>
		</ExtendedData>
		<Point>
			<coordinates>77.680775,13.03784,0</coordinates>
		</Point>
	</Placemark>
	<Placemark>
		<styleUrl>#bbmp_dry_waste_collection_centres_style</styleUrl>
		<ExtendedData>
			<SchemaData schemaUrl="#J_bbmp_dry_waste_collection_centres_SSSIISI">
				<SimpleData name="DWCCName">KADUMALLESHWARA</SimpleData>
				<SimpleData name="DepartmentCode">220</SimpleData>
				<SimpleData name="KGISCode">29572055428031620000URBMPPUGENDWC0218</SimpleData>
				<SimpleData name="KGISDWCCID">220</SimpleData>
				<SimpleData name="KGISVillageID">15128</SimpleData>
				<SimpleData name="KGISWardID">65</SimpleData>
				<SimpleData name="OBJECTID">136</SimpleData>
			</SchemaData>
		</ExtendedData>
		<Point>
			<coordinates>77.5725399,13.0048646,0</coordinates>
		</Point>
	</Placemark>
	<Placemark>
		<styleUrl>#bbmp_dry_waste_collection_centres_style</styleUrl>
		<ExtendedData>
			<SchemaData schemaUrl="#J_bbmp_dry_waste_collection_centres_SSSIISI">
				<SimpleData name="DWCCName">Subramanya Nagar</SimpleData>
				<SimpleData name="DepartmentCode">221</SimpleData>
				<SimpleData name="KGISCode">29572055428031620000URBMPPUGENDWC0219</SimpleData>
				<SimpleData name="KGISDWCCID">221</SimpleData>
				<SimpleData name="KGISVillageID">15481</SimpleData>
				<SimpleData name="KGISWardID">66</SimpleData>
				<SimpleData name="OBJECTID">137</SimpleData>
			</SchemaData>
		</ExtendedData>
		<Point>
			<coordinates>77.56020820000001,13.0072584,0</coordinates>
		</Point>
	</Placemark>
	<Placemark>
		<styleUrl>#bbmp_dry_waste_collection_centres_style</styleUrl>
		<ExtendedData>
			<SchemaData schemaUrl="#J_bbmp_dry_waste_collection_centres_SSSIISI">
				<SimpleData name="DWCCName">PRAKASH NAGAR</SimpleData>
				<SimpleData name="DepartmentCode">222</SimpleData>
				<SimpleData name="KGISCode">29572055428031620000URBMPPUGENDWC0220</SimpleData>
				<SimpleData name="KGISDWCCID">222</SimpleData>
				<SimpleData name="KGISVillageID">15481</SimpleData>
				<SimpleData name="KGISWardID">98</SimpleData>
				<SimpleData name="OBJECTID">138</SimpleData>
			</SchemaData>
		</ExtendedData>
		<Point>
			<coordinates>77.5574756,12.9968349,0</coordinates>
		</Point>
	</Placemark>
	<Placemark>
		<styleUrl>#bbmp_dry_waste_collection_centres_style</styleUrl>
		<ExtendedData>
			<SchemaData schemaUrl="#J_bbmp_dry_waste_collection_centres_SSSIISI">
				<SimpleData name="DWCCName">SUBHASH NAGAR</SimpleData>
				<SimpleData name="DepartmentCode">223</SimpleData>
				<SimpleData name="KGISCode">29572055428031620000URBMPPUGENDWC0221</SimpleData>
				<SimpleData name="KGISDWCCID">223</SimpleData>
				<SimpleData name="KGISVillageID">30090</SimpleData>
				<SimpleData name="KGISWardID">95</SimpleData>
				<SimpleData name="OBJECTID">139</SimpleData>
			</SchemaData>
		</ExtendedData>
		<Point>
			<coordinates>77.568091,12.9927922,0</coordinates>
		</Point>
	</Placemark>
	<Placemark>
		<styleUrl>#bbmp_dry_waste_collection_centres_style</styleUrl>
		<ExtendedData>
			<SchemaData schemaUrl="#J_bbmp_dry_waste_collection_centres_SSSIISI">
				<SimpleData name="DWCCName">DATTATREYA TEMPLE </SimpleData>
				<SimpleData name="DepartmentCode">224</SimpleData>
				<SimpleData name="KGISCode">29572055428031620000URBMPPUGENDWC0222</SimpleData>
				<SimpleData name="KGISDWCCID">224</SimpleData>
				<SimpleData name="KGISVillageID">30090</SimpleData>
				<SimpleData name="KGISWardID">77</SimpleData>
				<SimpleData name="OBJECTID">140</SimpleData>
			</SchemaData>
		</ExtendedData>
		<Point>
			<coordinates>77.5721233,12.9944183,0</coordinates>
		</Point>
	</Placemark>
	<Placemark>
		<styleUrl>#bbmp_dry_waste_collection_centres_style</styleUrl>
		<ExtendedData>
			<SchemaData schemaUrl="#J_bbmp_dry_waste_collection_centres_SSSIISI">
				<SimpleData name="DWCCName">GANDHINAGAR</SimpleData>
				<SimpleData name="DepartmentCode">225</SimpleData>
				<SimpleData name="KGISCode">29572055428031620000URBMPPUGENDWC0223</SimpleData>
				<SimpleData name="KGISDWCCID">225</SimpleData>
				<SimpleData name="KGISVillageID">15110</SimpleData>
				<SimpleData name="KGISWardID">94</SimpleData>
				<SimpleData name="OBJECTID">141</SimpleData>
			</SchemaData>
		</ExtendedData>
		<Point>
			<coordinates>77.57467370000001,12.9871233,0</coordinates>
		</Point>
	</Placemark>
	<Placemark>
		<styleUrl>#bbmp_dry_waste_collection_centres_style</styleUrl>
		<ExtendedData>
			<SchemaData schemaUrl="#J_bbmp_dry_waste_collection_centres_SSSIISI">
				<SimpleData name="DWCCName">VASANTHNAGAR</SimpleData>
				<SimpleData name="DepartmentCode">226</SimpleData>
				<SimpleData name="KGISCode">29572055428031620000URBMPPUGENDWC0224</SimpleData>
				<SimpleData name="KGISDWCCID">226</SimpleData>
				<SimpleData name="KGISVillageID">15087</SimpleData>
				<SimpleData name="KGISWardID">93</SimpleData>
				<SimpleData name="OBJECTID">142</SimpleData>
			</SchemaData>
		</ExtendedData>
		<Point>
			<coordinates>77.58982930000001,12.989093,0</coordinates>
		</Point>
	</Placemark>
	<Placemark>
		<styleUrl>#bbmp_dry_waste_collection_centres_style</styleUrl>
		<ExtendedData>
			<SchemaData schemaUrl="#J_bbmp_dry_waste_collection_centres_SSSIISI">
				<SimpleData name="DWCCName">GANDHINAGAR</SimpleData>
				<SimpleData name="DepartmentCode">227</SimpleData>
				<SimpleData name="KGISCode">29572055428031620000URBMPPUGENDWC0225</SimpleData>
				<SimpleData name="KGISDWCCID">227</SimpleData>
				<SimpleData name="KGISVillageID">30092</SimpleData>
				<SimpleData name="KGISWardID">94</SimpleData>
				<SimpleData name="OBJECTID">143</SimpleData>
			</SchemaData>
		</ExtendedData>
		<Point>
			<coordinates>77.57996300000001,12.9758632,0</coordinates>
		</Point>
	</Placemark>
	<Placemark>
		<styleUrl>#bbmp_dry_waste_collection_centres_style</styleUrl>
		<ExtendedData>
			<SchemaData schemaUrl="#J_bbmp_dry_waste_collection_centres_SSSIISI">
				<SimpleData name="DWCCName">Mahalakshimpuram</SimpleData>
				<SimpleData name="DepartmentCode">228</SimpleData>
				<SimpleData name="KGISCode">29572055428031620000URBMPPUGENDWC0226</SimpleData>
				<SimpleData name="KGISDWCCID">228</SimpleData>
				<SimpleData name="KGISVillageID">15481</SimpleData>
				<SimpleData name="KGISWardID">68</SimpleData>
				<SimpleData name="OBJECTID">144</SimpleData>
			</SchemaData>
		</ExtendedData>
		<Point>
			<coordinates>77.5405525,13.0033622,0</coordinates>
		</Point>
	</Placemark>
	<Placemark>
		<styleUrl>#bbmp_dry_waste_collection_centres_style</styleUrl>
		<ExtendedData>
			<SchemaData schemaUrl="#J_bbmp_dry_waste_collection_centres_SSSIISI">
				<SimpleData name="DWCCName">SHANKAR MATT</SimpleData>
				<SimpleData name="DepartmentCode">229</SimpleData>
				<SimpleData name="KGISCode">29572055428031620000URBMPPUGENDWC0227</SimpleData>
				<SimpleData name="KGISDWCCID">229</SimpleData>
				<SimpleData name="KGISVillageID">15483</SimpleData>
				<SimpleData name="KGISWardID">75</SimpleData>
				<SimpleData name="OBJECTID">145</SimpleData>
			</SchemaData>
		</ExtendedData>
		<Point>
			<coordinates>77.5363334,12.9985568,0</coordinates>
		</Point>
	</Placemark>
	<Placemark>
		<styleUrl>#bbmp_dry_waste_collection_centres_style</styleUrl>
		<ExtendedData>
			<SchemaData schemaUrl="#J_bbmp_dry_waste_collection_centres_SSSIISI">
				<SimpleData name="DWCCName">RAMAMURTHYNAGAR</SimpleData>
				<SimpleData name="DepartmentCode">23</SimpleData>
				<SimpleData name="KGISCode">29572055428031620000URBMPPUGENDWC0023</SimpleData>
				<SimpleData name="KGISDWCCID">23</SimpleData>
				<SimpleData name="KGISVillageID">21400</SimpleData>
				<SimpleData name="KGISWardID">26</SimpleData>
				<SimpleData name="OBJECTID">146</SimpleData>
			</SchemaData>
		</ExtendedData>
		<Point>
			<coordinates>77.68078800000001,13.03782,0</coordinates>
		</Point>
	</Placemark>
	<Placemark>
		<styleUrl>#bbmp_dry_waste_collection_centres_style</styleUrl>
		<ExtendedData>
			<SchemaData schemaUrl="#J_bbmp_dry_waste_collection_centres_SSSIISI">
				<SimpleData name="DWCCName">SHAKTHI GANAPATHI NAGAR</SimpleData>
				<SimpleData name="DepartmentCode">230</SimpleData>
				<SimpleData name="KGISCode">29572055428031620000URBMPPUGENDWC0228</SimpleData>
				<SimpleData name="KGISDWCCID">230</SimpleData>
				<SimpleData name="KGISVillageID">15494</SimpleData>
				<SimpleData name="KGISWardID">74</SimpleData>
				<SimpleData name="OBJECTID">147</SimpleData>
			</SchemaData>
		</ExtendedData>
		<Point>
			<coordinates>77.5322704,12.9939013,0</coordinates>
		</Point>
	</Placemark>
	<Placemark>
		<styleUrl>#bbmp_dry_waste_collection_centres_style</styleUrl>
		<ExtendedData>
			<SchemaData schemaUrl="#J_bbmp_dry_waste_collection_centres_SSSIISI">
				<SimpleData name="DWCCName">VRUSHABHAVATHI NAGAR</SimpleData>
				<SimpleData name="DepartmentCode">231</SimpleData>
				<SimpleData name="KGISCode">29572055428031620000URBMPPUGENDWC0229</SimpleData>
				<SimpleData name="KGISDWCCID">231</SimpleData>
				<SimpleData name="KGISVillageID">15494</SimpleData>
				<SimpleData name="KGISWardID">102</SimpleData>
				<SimpleData name="OBJECTID">148</SimpleData>
			</SchemaData>
		</ExtendedData>
		<Point>
			<coordinates>77.5240348,12.9889833,0</coordinates>
		</Point>
	</Placemark>
	<Placemark>
		<styleUrl>#bbmp_dry_waste_collection_centres_style</styleUrl>
		<ExtendedData>
			<SchemaData schemaUrl="#J_bbmp_dry_waste_collection_centres_SSSIISI">
				<SimpleData name="DWCCName">Kottegepalya</SimpleData>
				<SimpleData name="DepartmentCode">232</SimpleData>
				<SimpleData name="KGISCode">29572055428031620000URBMPPUGENDWC0230</SimpleData>
				<SimpleData name="KGISDWCCID">232</SimpleData>
				<SimpleData name="KGISVillageID">15493</SimpleData>
				<SimpleData name="KGISWardID">73</SimpleData>
				<SimpleData name="OBJECTID">149</SimpleData>
			</SchemaData>
		</ExtendedData>
		<Point>
			<coordinates>77.5184004,12.9816165,0</coordinates>
		</Point>
	</Placemark>
	<Placemark>
		<styleUrl>#bbmp_dry_waste_collection_centres_style</styleUrl>
		<ExtendedData>
			<SchemaData schemaUrl="#J_bbmp_dry_waste_collection_centres_SSSIISI">
				<SimpleData name="DWCCName">Kottegepalya</SimpleData>
				<SimpleData name="DepartmentCode">233</SimpleData>
				<SimpleData name="KGISCode">29572055428031620000URBMPPUGENDWC0231</SimpleData>
				<SimpleData name="KGISDWCCID">233</SimpleData>
				<SimpleData name="KGISVillageID">15485</SimpleData>
				<SimpleData name="KGISWardID">73</SimpleData>
				<SimpleData name="OBJECTID">150</SimpleData>
			</SchemaData>
		</ExtendedData>
		<Point>
			<coordinates>77.5120764,12.982435,0</coordinates>
		</Point>
	</Placemark>
	<Placemark>
		<styleUrl>#bbmp_dry_waste_collection_centres_style</styleUrl>
		<ExtendedData>
			<SchemaData schemaUrl="#J_bbmp_dry_waste_collection_centres_SSSIISI">
				<SimpleData name="DWCCName">Jnana Bharathi ward</SimpleData>
				<SimpleData name="DepartmentCode">234</SimpleData>
				<SimpleData name="KGISCode">29572055428031620000URBMPPUGENDWC0232</SimpleData>
				<SimpleData name="KGISDWCCID">234</SimpleData>
				<SimpleData name="KGISVillageID">15498</SimpleData>
				<SimpleData name="KGISWardID">129</SimpleData>
				<SimpleData name="OBJECTID">151</SimpleData>
			</SchemaData>
		</ExtendedData>
		<Point>
			<coordinates>77.5097888,12.9853348,0</coordinates>
		</Point>
	</Placemark>
	<Placemark>
		<styleUrl>#bbmp_dry_waste_collection_centres_style</styleUrl>
		<ExtendedData>
			<SchemaData schemaUrl="#J_bbmp_dry_waste_collection_centres_SSSIISI">
				<SimpleData name="DWCCName">Jnana Bharathi ward</SimpleData>
				<SimpleData name="DepartmentCode">235</SimpleData>
				<SimpleData name="KGISCode">29572055428031620000URBMPPUGENDWC0233</SimpleData>
				<SimpleData name="KGISDWCCID">235</SimpleData>
				<SimpleData name="KGISVillageID">15498</SimpleData>
				<SimpleData name="KGISWardID">129</SimpleData>
				<SimpleData name="OBJECTID">152</SimpleData>
			</SchemaData>
		</ExtendedData>
		<Point>
			<coordinates>77.50416250000001,12.9787248,0</coordinates>
		</Point>
	</Placemark>
	<Placemark>
		<styleUrl>#bbmp_dry_waste_collection_centres_style</styleUrl>
		<ExtendedData>
			<SchemaData schemaUrl="#J_bbmp_dry_waste_collection_centres_SSSIISI">
				<SimpleData name="DWCCName">HEROHALLI</SimpleData>
				<SimpleData name="DepartmentCode">236</SimpleData>
				<SimpleData name="KGISCode">29572055428031620000URBMPPUGENDWC0234</SimpleData>
				<SimpleData name="KGISDWCCID">236</SimpleData>
				<SimpleData name="KGISVillageID">15459</SimpleData>
				<SimpleData name="KGISWardID">72</SimpleData>
				<SimpleData name="OBJECTID">153</SimpleData>
			</SchemaData>
		</ExtendedData>
		<Point>
			<coordinates>77.4941986,12.9862422,0</coordinates>
		</Point>
	</Placemark>
	<Placemark>
		<styleUrl>#bbmp_dry_waste_collection_centres_style</styleUrl>
		<ExtendedData>
			<SchemaData schemaUrl="#J_bbmp_dry_waste_collection_centres_SSSIISI">
				<SimpleData name="DWCCName">ULLALU</SimpleData>
				<SimpleData name="DepartmentCode">237</SimpleData>
				<SimpleData name="KGISCode">29572055428031620000URBMPPUGENDWC0235</SimpleData>
				<SimpleData name="KGISDWCCID">237</SimpleData>
				<SimpleData name="KGISVillageID">15477</SimpleData>
				<SimpleData name="KGISWardID">130</SimpleData>
				<SimpleData name="OBJECTID">154</SimpleData>
			</SchemaData>
		</ExtendedData>
		<Point>
			<coordinates>77.47637690000001,12.9646018,0</coordinates>
		</Point>
	</Placemark>
	<Placemark>
		<styleUrl>#bbmp_dry_waste_collection_centres_style</styleUrl>
		<ExtendedData>
			<SchemaData schemaUrl="#J_bbmp_dry_waste_collection_centres_SSSIISI">
				<SimpleData name="DWCCName">NAGARBHAVI</SimpleData>
				<SimpleData name="DepartmentCode">238</SimpleData>
				<SimpleData name="KGISCode">29572055428031620000URBMPPUGENDWC0236</SimpleData>
				<SimpleData name="KGISDWCCID">238</SimpleData>
				<SimpleData name="KGISVillageID">15488</SimpleData>
				<SimpleData name="KGISWardID">128</SimpleData>
				<SimpleData name="OBJECTID">155</SimpleData>
			</SchemaData>
		</ExtendedData>
		<Point>
			<coordinates>77.52031220000001,12.9567585,0</coordinates>
		</Point>
	</Placemark>
	<Placemark>
		<styleUrl>#bbmp_dry_waste_collection_centres_style</styleUrl>
		<ExtendedData>
			<SchemaData schemaUrl="#J_bbmp_dry_waste_collection_centres_SSSIISI">
				<SimpleData name="DWCCName">MUDALAPALYA</SimpleData>
				<SimpleData name="DepartmentCode">239</SimpleData>
				<SimpleData name="KGISCode">29572055428031620000URBMPPUGENDWC0237</SimpleData>
				<SimpleData name="KGISDWCCID">239</SimpleData>
				<SimpleData name="KGISVillageID">15488</SimpleData>
				<SimpleData name="KGISWardID">127</SimpleData>
				<SimpleData name="OBJECTID">156</SimpleData>
			</SchemaData>
		</ExtendedData>
		<Point>
			<coordinates>77.5198302,12.9702431,0</coordinates>
		</Point>
	</Placemark>
	<Placemark>
		<styleUrl>#bbmp_dry_waste_collection_centres_style</styleUrl>
		<ExtendedData>
			<SchemaData schemaUrl="#J_bbmp_dry_waste_collection_centres_SSSIISI">
				<SimpleData name="DWCCName">KACHRAKANAHALLI</SimpleData>
				<SimpleData name="DepartmentCode">24</SimpleData>
				<SimpleData name="KGISCode">29572055428031620000URBMPPUGENDWC0024</SimpleData>
				<SimpleData name="KGISDWCCID">24</SimpleData>
				<SimpleData name="KGISVillageID">21401</SimpleData>
				<SimpleData name="KGISWardID">29</SimpleData>
				<SimpleData name="OBJECTID">157</SimpleData>
			</SchemaData>
		</ExtendedData>
		<Point>
			<coordinates>77.638077,13.02487,0</coordinates>
		</Point>
	</Placemark>
	<Placemark>
		<styleUrl>#bbmp_dry_waste_collection_centres_style</styleUrl>
		<ExtendedData>
			<SchemaData schemaUrl="#J_bbmp_dry_waste_collection_centres_SSSIISI">
				<SimpleData name="DWCCName">MARUTHI MANDIR</SimpleData>
				<SimpleData name="DepartmentCode">240</SimpleData>
				<SimpleData name="KGISCode">29572055428031620000URBMPPUGENDWC0238</SimpleData>
				<SimpleData name="KGISDWCCID">240</SimpleData>
				<SimpleData name="KGISVillageID">15488</SimpleData>
				<SimpleData name="KGISWardID">126</SimpleData>
				<SimpleData name="OBJECTID">158</SimpleData>
			</SchemaData>
		</ExtendedData>
		<Point>
			<coordinates>77.5253527,12.9665545,0</coordinates>
		</Point>
	</Placemark>
	<Placemark>
		<styleUrl>#bbmp_dry_waste_collection_centres_style</styleUrl>
		<ExtendedData>
			<SchemaData schemaUrl="#J_bbmp_dry_waste_collection_centres_SSSIISI">
				<SimpleData name="DWCCName">MARUTHI MANDIR</SimpleData>
				<SimpleData name="DepartmentCode">241</SimpleData>
				<SimpleData name="KGISCode">29572055428031620000URBMPPUGENDWC0239</SimpleData>
				<SimpleData name="KGISDWCCID">241</SimpleData>
				<SimpleData name="KGISVillageID">15116</SimpleData>
				<SimpleData name="KGISWardID">126</SimpleData>
				<SimpleData name="OBJECTID">159</SimpleData>
			</SchemaData>
		</ExtendedData>
		<Point>
			<coordinates>77.5315463,12.9681604,0</coordinates>
		</Point>
	</Placemark>
	<Placemark>
		<styleUrl>#bbmp_dry_waste_collection_centres_style</styleUrl>
		<ExtendedData>
			<SchemaData schemaUrl="#J_bbmp_dry_waste_collection_centres_SSSIISI">
				<SimpleData name="DWCCName">MARENAHALI</SimpleData>
				<SimpleData name="DepartmentCode">242</SimpleData>
				<SimpleData name="KGISCode">29572055428031620000URBMPPUGENDWC0240</SimpleData>
				<SimpleData name="KGISDWCCID">242</SimpleData>
				<SimpleData name="KGISVillageID">15116</SimpleData>
				<SimpleData name="KGISWardID">125</SimpleData>
				<SimpleData name="OBJECTID">160</SimpleData>
			</SchemaData>
		</ExtendedData>
		<Point>
			<coordinates>77.5315678,12.9702806,0</coordinates>
		</Point>
	</Placemark>
	<Placemark>
		<styleUrl>#bbmp_dry_waste_collection_centres_style</styleUrl>
		<ExtendedData>
			<SchemaData schemaUrl="#J_bbmp_dry_waste_collection_centres_SSSIISI">
				<SimpleData name="DWCCName">GOVINDRAJA NAGAR</SimpleData>
				<SimpleData name="DepartmentCode">243</SimpleData>
				<SimpleData name="KGISCode">29572055428031620000URBMPPUGENDWC0241</SimpleData>
				<SimpleData name="KGISDWCCID">243</SimpleData>
				<SimpleData name="KGISVillageID">15116</SimpleData>
				<SimpleData name="KGISWardID">104</SimpleData>
				<SimpleData name="OBJECTID">161</SimpleData>
			</SchemaData>
		</ExtendedData>
		<Point>
			<coordinates>77.53363659999999,12.9763188,0</coordinates>
		</Point>
	</Placemark>
	<Placemark>
		<styleUrl>#bbmp_dry_waste_collection_centres_style</styleUrl>
		<ExtendedData>
			<SchemaData schemaUrl="#J_bbmp_dry_waste_collection_centres_SSSIISI">
				<SimpleData name="DWCCName">Hosahalli</SimpleData>
				<SimpleData name="DepartmentCode">244</SimpleData>
				<SimpleData name="KGISCode">29572055428031620000URBMPPUGENDWC0242</SimpleData>
				<SimpleData name="KGISDWCCID">244</SimpleData>
				<SimpleData name="KGISVillageID">15116</SimpleData>
				<SimpleData name="KGISWardID">124</SimpleData>
				<SimpleData name="OBJECTID">162</SimpleData>
			</SchemaData>
		</ExtendedData>
		<Point>
			<coordinates>77.5388178,12.9694526,0</coordinates>
		</Point>
	</Placemark>
	<Placemark>
		<styleUrl>#bbmp_dry_waste_collection_centres_style</styleUrl>
		<ExtendedData>
			<SchemaData schemaUrl="#J_bbmp_dry_waste_collection_centres_SSSIISI">
				<SimpleData name="DWCCName">Hosahalli</SimpleData>
				<SimpleData name="DepartmentCode">245</SimpleData>
				<SimpleData name="KGISCode">29572055428031620000URBMPPUGENDWC0243</SimpleData>
				<SimpleData name="KGISDWCCID">245</SimpleData>
				<SimpleData name="KGISVillageID">15116</SimpleData>
				<SimpleData name="KGISWardID">124</SimpleData>
				<SimpleData name="OBJECTID">163</SimpleData>
			</SchemaData>
		</ExtendedData>
		<Point>
			<coordinates>77.5432852,12.9683488,0</coordinates>
		</Point>
	</Placemark>
	<Placemark>
		<styleUrl>#bbmp_dry_waste_collection_centres_style</styleUrl>
		<ExtendedData>
			<SchemaData schemaUrl="#J_bbmp_dry_waste_collection_centres_SSSIISI">
				<SimpleData name="DWCCName">DR RAJKUMAR WARD</SimpleData>
				<SimpleData name="DepartmentCode">246</SimpleData>
				<SimpleData name="KGISCode">29572055428031620000URBMPPUGENDWC0244</SimpleData>
				<SimpleData name="KGISDWCCID">246</SimpleData>
				<SimpleData name="KGISVillageID">15470</SimpleData>
				<SimpleData name="KGISWardID">106</SimpleData>
				<SimpleData name="OBJECTID">164</SimpleData>
			</SchemaData>
		</ExtendedData>
		<Point>
			<coordinates>77.54602749999999,12.9798327,0</coordinates>
		</Point>
	</Placemark>
	<Placemark>
		<styleUrl>#bbmp_dry_waste_collection_centres_style</styleUrl>
		<ExtendedData>
			<SchemaData schemaUrl="#J_bbmp_dry_waste_collection_centres_SSSIISI">
				<SimpleData name="DWCCName">AGRAHARA DASARAHALLI</SimpleData>
				<SimpleData name="DepartmentCode">247</SimpleData>
				<SimpleData name="KGISCode">29572055428031620000URBMPPUGENDWC0245</SimpleData>
				<SimpleData name="KGISDWCCID">247</SimpleData>
				<SimpleData name="KGISVillageID">15470</SimpleData>
				<SimpleData name="KGISWardID">105</SimpleData>
				<SimpleData name="OBJECTID">165</SimpleData>
			</SchemaData>
		</ExtendedData>
		<Point>
			<coordinates>77.5380097,12.9811228,0</coordinates>
		</Point>
	</Placemark>
	<Placemark>
		<styleUrl>#bbmp_dry_waste_collection_centres_style</styleUrl>
		<ExtendedData>
			<SchemaData schemaUrl="#J_bbmp_dry_waste_collection_centres_SSSIISI">
				<SimpleData name="DWCCName">KAMAKSHIPALYA</SimpleData>
				<SimpleData name="DepartmentCode">248</SimpleData>
				<SimpleData name="KGISCode">29572055428031620000URBMPPUGENDWC0246</SimpleData>
				<SimpleData name="KGISDWCCID">248</SimpleData>
				<SimpleData name="KGISVillageID">15470</SimpleData>
				<SimpleData name="KGISWardID">101</SimpleData>
				<SimpleData name="OBJECTID">166</SimpleData>
			</SchemaData>
		</ExtendedData>
		<Point>
			<coordinates>77.5358846,12.9847785,0</coordinates>
		</Point>
	</Placemark>
	<Placemark>
		<styleUrl>#bbmp_dry_waste_collection_centres_style</styleUrl>
		<ExtendedData>
			<SchemaData schemaUrl="#J_bbmp_dry_waste_collection_centres_SSSIISI">
				<SimpleData name="DWCCName">Shivanagara</SimpleData>
				<SimpleData name="DepartmentCode">249</SimpleData>
				<SimpleData name="KGISCode">29572055428031620000URBMPPUGENDWC0247</SimpleData>
				<SimpleData name="KGISDWCCID">249</SimpleData>
				<SimpleData name="KGISVillageID">15496</SimpleData>
				<SimpleData name="KGISWardID">107</SimpleData>
				<SimpleData name="OBJECTID">167</SimpleData>
			</SchemaData>
		</ExtendedData>
		<Point>
			<coordinates>77.5473848,12.9917845,0</coordinates>
		</Point>
	</Placemark>
	<Placemark>
		<styleUrl>#bbmp_dry_waste_collection_centres_style</styleUrl>
		<ExtendedData>
			<SchemaData schemaUrl="#J_bbmp_dry_waste_collection_centres_SSSIISI">
				<SimpleData name="DWCCName">KG HALLI</SimpleData>
				<SimpleData name="DepartmentCode">25</SimpleData>
				<SimpleData name="KGISCode">29572055428031620000URBMPPUGENDWC0025</SimpleData>
				<SimpleData name="KGISDWCCID">25</SimpleData>
				<SimpleData name="KGISVillageID">15124</SimpleData>
				<SimpleData name="KGISWardID">30</SimpleData>
				<SimpleData name="OBJECTID">168</SimpleData>
			</SchemaData>
		</ExtendedData>
		<Point>
			<coordinates>77.618808,13.00957,0</coordinates>
		</Point>
	</Placemark>
	<Placemark>
		<styleUrl>#bbmp_dry_waste_collection_centres_style</styleUrl>
		<ExtendedData>
			<SchemaData schemaUrl="#J_bbmp_dry_waste_collection_centres_SSSIISI">
				<SimpleData name="DWCCName">Shivanagara</SimpleData>
				<SimpleData name="DepartmentCode">250</SimpleData>
				<SimpleData name="KGISCode">29572055428031620000URBMPPUGENDWC0248</SimpleData>
				<SimpleData name="KGISDWCCID">250</SimpleData>
				<SimpleData name="KGISVillageID">15481</SimpleData>
				<SimpleData name="KGISWardID">107</SimpleData>
				<SimpleData name="OBJECTID">169</SimpleData>
			</SchemaData>
		</ExtendedData>
		<Point>
			<coordinates>77.55121320000001,12.9885664,0</coordinates>
		</Point>
	</Placemark>
	<Placemark>
		<styleUrl>#bbmp_dry_waste_collection_centres_style</styleUrl>
		<ExtendedData>
			<SchemaData schemaUrl="#J_bbmp_dry_waste_collection_centres_SSSIISI">
				<SimpleData name="DWCCName">SRIRAMAMANDIR</SimpleData>
				<SimpleData name="DepartmentCode">251</SimpleData>
				<SimpleData name="KGISCode">29572055428031620000URBMPPUGENDWC0249</SimpleData>
				<SimpleData name="KGISDWCCID">251</SimpleData>
				<SimpleData name="KGISVillageID">15481</SimpleData>
				<SimpleData name="KGISWardID">108</SimpleData>
				<SimpleData name="OBJECTID">170</SimpleData>
			</SchemaData>
		</ExtendedData>
		<Point>
			<coordinates>77.556927,12.9885102,0</coordinates>
		</Point>
	</Placemark>
	<Placemark>
		<styleUrl>#bbmp_dry_waste_collection_centres_style</styleUrl>
		<ExtendedData>
			<SchemaData schemaUrl="#J_bbmp_dry_waste_collection_centres_SSSIISI">
				<SimpleData name="DWCCName">PRAKASH NAGAR</SimpleData>
				<SimpleData name="DepartmentCode">252</SimpleData>
				<SimpleData name="KGISCode">29572055428031620000URBMPPUGENDWC0250</SimpleData>
				<SimpleData name="KGISDWCCID">252</SimpleData>
				<SimpleData name="KGISVillageID">15481</SimpleData>
				<SimpleData name="KGISWardID">98</SimpleData>
				<SimpleData name="OBJECTID">171</SimpleData>
			</SchemaData>
		</ExtendedData>
		<Point>
			<coordinates>77.5610966,12.9884691,0</coordinates>
		</Point>
	</Placemark>
	<Placemark>
		<styleUrl>#bbmp_dry_waste_collection_centres_style</styleUrl>
		<ExtendedData>
			<SchemaData schemaUrl="#J_bbmp_dry_waste_collection_centres_SSSIISI">
				<SimpleData name="DWCCName">OKALIPURAM</SimpleData>
				<SimpleData name="DepartmentCode">253</SimpleData>
				<SimpleData name="KGISCode">29572055428031620000URBMPPUGENDWC0251</SimpleData>
				<SimpleData name="KGISDWCCID">253</SimpleData>
				<SimpleData name="KGISVillageID">15078</SimpleData>
				<SimpleData name="KGISWardID">96</SimpleData>
				<SimpleData name="OBJECTID">172</SimpleData>
			</SchemaData>
		</ExtendedData>
		<Point>
			<coordinates>77.5633462,12.9819343,0</coordinates>
		</Point>
	</Placemark>
	<Placemark>
		<styleUrl>#bbmp_dry_waste_collection_centres_style</styleUrl>
		<ExtendedData>
			<SchemaData schemaUrl="#J_bbmp_dry_waste_collection_centres_SSSIISI">
				<SimpleData name="DWCCName">SUBHASH NAGAR</SimpleData>
				<SimpleData name="DepartmentCode">254</SimpleData>
				<SimpleData name="KGISCode">29572055428031620000URBMPPUGENDWC0252</SimpleData>
				<SimpleData name="KGISDWCCID">254</SimpleData>
				<SimpleData name="KGISVillageID">15109</SimpleData>
				<SimpleData name="KGISWardID">95</SimpleData>
				<SimpleData name="OBJECTID">173</SimpleData>
			</SchemaData>
		</ExtendedData>
		<Point>
			<coordinates>77.5651356,12.975707,0</coordinates>
		</Point>
	</Placemark>
	<Placemark>
		<styleUrl>#bbmp_dry_waste_collection_centres_style</styleUrl>
		<ExtendedData>
			<SchemaData schemaUrl="#J_bbmp_dry_waste_collection_centres_SSSIISI">
				<SimpleData name="DWCCName">COTTONPETE</SimpleData>
				<SimpleData name="DepartmentCode">255</SimpleData>
				<SimpleData name="KGISCode">29572055428031620000URBMPPUGENDWC0253</SimpleData>
				<SimpleData name="KGISDWCCID">255</SimpleData>
				<SimpleData name="KGISVillageID">30092</SimpleData>
				<SimpleData name="KGISWardID">120</SimpleData>
				<SimpleData name="OBJECTID">174</SimpleData>
			</SchemaData>
		</ExtendedData>
		<Point>
			<coordinates>77.5662995,12.9687286,0</coordinates>
		</Point>
	</Placemark>
	<Placemark>
		<styleUrl>#bbmp_dry_waste_collection_centres_style</styleUrl>
		<ExtendedData>
			<SchemaData schemaUrl="#J_bbmp_dry_waste_collection_centres_SSSIISI">
				<SimpleData name="DWCCName">CHELVADI PALYA</SimpleData>
				<SimpleData name="DepartmentCode">256</SimpleData>
				<SimpleData name="KGISCode">29572055428031620000URBMPPUGENDWC0254</SimpleData>
				<SimpleData name="KGISDWCCID">256</SimpleData>
				<SimpleData name="KGISVillageID">15081</SimpleData>
				<SimpleData name="KGISWardID">138</SimpleData>
				<SimpleData name="OBJECTID">175</SimpleData>
			</SchemaData>
		</ExtendedData>
		<Point>
			<coordinates>77.5647057,12.9638978,0</coordinates>
		</Point>
	</Placemark>
	<Placemark>
		<styleUrl>#bbmp_dry_waste_collection_centres_style</styleUrl>
		<ExtendedData>
			<SchemaData schemaUrl="#J_bbmp_dry_waste_collection_centres_SSSIISI">
				<SimpleData name="DWCCName">COTTONPETE</SimpleData>
				<SimpleData name="DepartmentCode">257</SimpleData>
				<SimpleData name="KGISCode">29572055428031620000URBMPPUGENDWC0255</SimpleData>
				<SimpleData name="KGISDWCCID">257</SimpleData>
				<SimpleData name="KGISVillageID">15116</SimpleData>
				<SimpleData name="KGISWardID">120</SimpleData>
				<SimpleData name="OBJECTID">176</SimpleData>
			</SchemaData>
		</ExtendedData>
		<Point>
			<coordinates>77.5625811,12.9675536,0</coordinates>
		</Point>
	</Placemark>
	<Placemark>
		<styleUrl>#bbmp_dry_waste_collection_centres_style</styleUrl>
		<ExtendedData>
			<SchemaData schemaUrl="#J_bbmp_dry_waste_collection_centres_SSSIISI">
				<SimpleData name="DWCCName">Chamrajapet</SimpleData>
				<SimpleData name="DepartmentCode">258</SimpleData>
				<SimpleData name="KGISCode">29572055428031620000URBMPPUGENDWC0256</SimpleData>
				<SimpleData name="KGISDWCCID">258</SimpleData>
				<SimpleData name="KGISVillageID">30092</SimpleData>
				<SimpleData name="KGISWardID">140</SimpleData>
				<SimpleData name="OBJECTID">177</SimpleData>
			</SchemaData>
		</ExtendedData>
		<Point>
			<coordinates>77.5614119,12.9589322,0</coordinates>
		</Point>
	</Placemark>
	<Placemark>
		<styleUrl>#bbmp_dry_waste_collection_centres_style</styleUrl>
		<ExtendedData>
			<SchemaData schemaUrl="#J_bbmp_dry_waste_collection_centres_SSSIISI">
				<SimpleData name="DWCCName">Chamrajapet</SimpleData>
				<SimpleData name="DepartmentCode">259</SimpleData>
				<SimpleData name="KGISCode">29572055428031620000URBMPPUGENDWC0257</SimpleData>
				<SimpleData name="KGISDWCCID">259</SimpleData>
				<SimpleData name="KGISVillageID">15099</SimpleData>
				<SimpleData name="KGISWardID">140</SimpleData>
				<SimpleData name="OBJECTID">178</SimpleData>
			</SchemaData>
		</ExtendedData>
		<Point>
			<coordinates>77.56170059999999,12.9569604,0</coordinates>
		</Point>
	</Placemark>
	<Placemark>
		<styleUrl>#bbmp_dry_waste_collection_centres_style</styleUrl>
		<ExtendedData>
			<SchemaData schemaUrl="#J_bbmp_dry_waste_collection_centres_SSSIISI">
				<SimpleData name="DWCCName">KUSHALNAGAR</SimpleData>
				<SimpleData name="DepartmentCode">26</SimpleData>
				<SimpleData name="KGISCode">29572055428031620000URBMPPUGENDWC0026</SimpleData>
				<SimpleData name="KGISDWCCID">26</SimpleData>
				<SimpleData name="KGISVillageID">15125</SimpleData>
				<SimpleData name="KGISWardID">31</SimpleData>
				<SimpleData name="OBJECTID">179</SimpleData>
			</SchemaData>
		</ExtendedData>
		<Point>
			<coordinates>77.616148,13.02775,0</coordinates>
		</Point>
	</Placemark>
	<Placemark>
		<styleUrl>#bbmp_dry_waste_collection_centres_style</styleUrl>
		<ExtendedData>
			<SchemaData schemaUrl="#J_bbmp_dry_waste_collection_centres_SSSIISI">
				<SimpleData name="DWCCName">AZAD NAGAR</SimpleData>
				<SimpleData name="DepartmentCode">260</SimpleData>
				<SimpleData name="KGISCode">29572055428031620000URBMPPUGENDWC0258</SimpleData>
				<SimpleData name="KGISDWCCID">260</SimpleData>
				<SimpleData name="KGISVillageID">15131</SimpleData>
				<SimpleData name="KGISWardID">141</SimpleData>
				<SimpleData name="OBJECTID">180</SimpleData>
			</SchemaData>
		</ExtendedData>
		<Point>
			<coordinates>77.55334089999999,12.9549221,0</coordinates>
		</Point>
	</Placemark>
	<Placemark>
		<styleUrl>#bbmp_dry_waste_collection_centres_style</styleUrl>
		<ExtendedData>
			<SchemaData schemaUrl="#J_bbmp_dry_waste_collection_centres_SSSIISI">
				<SimpleData name="DWCCName">GALI ANJANEYA </SimpleData>
				<SimpleData name="DepartmentCode">261</SimpleData>
				<SimpleData name="KGISCode">29572055428031620000URBMPPUGENDWC0259</SimpleData>
				<SimpleData name="KGISDWCCID">261</SimpleData>
				<SimpleData name="KGISVillageID">15084</SimpleData>
				<SimpleData name="KGISWardID">157</SimpleData>
				<SimpleData name="OBJECTID">181</SimpleData>
			</SchemaData>
		</ExtendedData>
		<Point>
			<coordinates>77.54405319999999,12.9527412,0</coordinates>
		</Point>
	</Placemark>
	<Placemark>
		<styleUrl>#bbmp_dry_waste_collection_centres_style</styleUrl>
		<ExtendedData>
			<SchemaData schemaUrl="#J_bbmp_dry_waste_collection_centres_SSSIISI">
				<SimpleData name="DWCCName">HAMPINAGAR</SimpleData>
				<SimpleData name="DepartmentCode">262</SimpleData>
				<SimpleData name="KGISCode">29572055428031620000URBMPPUGENDWC0260</SimpleData>
				<SimpleData name="KGISDWCCID">262</SimpleData>
				<SimpleData name="KGISVillageID">15116</SimpleData>
				<SimpleData name="KGISWardID">133</SimpleData>
				<SimpleData name="OBJECTID">182</SimpleData>
			</SchemaData>
		</ExtendedData>
		<Point>
			<coordinates>77.53776999999999,12.9574977,0</coordinates>
		</Point>
	</Placemark>
	<Placemark>
		<styleUrl>#bbmp_dry_waste_collection_centres_style</styleUrl>
		<ExtendedData>
			<SchemaData schemaUrl="#J_bbmp_dry_waste_collection_centres_SSSIISI">
				<SimpleData name="DWCCName">PADARAYANAPURA</SimpleData>
				<SimpleData name="DepartmentCode">263</SimpleData>
				<SimpleData name="KGISCode">29572055428031620000URBMPPUGENDWC0261</SimpleData>
				<SimpleData name="KGISDWCCID">263</SimpleData>
				<SimpleData name="KGISVillageID">15116</SimpleData>
				<SimpleData name="KGISWardID">135</SimpleData>
				<SimpleData name="OBJECTID">183</SimpleData>
			</SchemaData>
		</ExtendedData>
		<Point>
			<coordinates>77.54893389999999,12.9619323,0</coordinates>
		</Point>
	</Placemark>
	<Placemark>
		<styleUrl>#bbmp_dry_waste_collection_centres_style</styleUrl>
		<ExtendedData>
			<SchemaData schemaUrl="#J_bbmp_dry_waste_collection_centres_SSSIISI">
				<SimpleData name="DWCCName">JAGAJIVANARAM NAGAR</SimpleData>
				<SimpleData name="DepartmentCode">264</SimpleData>
				<SimpleData name="KGISCode">29572055428031620000URBMPPUGENDWC0262</SimpleData>
				<SimpleData name="KGISDWCCID">264</SimpleData>
				<SimpleData name="KGISVillageID">15116</SimpleData>
				<SimpleData name="KGISWardID">136</SimpleData>
				<SimpleData name="OBJECTID">184</SimpleData>
			</SchemaData>
		</ExtendedData>
		<Point>
			<coordinates>77.5534304,12.9637057,0</coordinates>
		</Point>
	</Placemark>
	<Placemark>
		<styleUrl>#bbmp_dry_waste_collection_centres_style</styleUrl>
		<ExtendedData>
			<SchemaData schemaUrl="#J_bbmp_dry_waste_collection_centres_SSSIISI">
				<SimpleData name="DWCCName">RAYAPURAM</SimpleData>
				<SimpleData name="DepartmentCode">265</SimpleData>
				<SimpleData name="KGISCode">29572055428031620000URBMPPUGENDWC0263</SimpleData>
				<SimpleData name="KGISDWCCID">265</SimpleData>
				<SimpleData name="KGISVillageID">15116</SimpleData>
				<SimpleData name="KGISWardID">137</SimpleData>
				<SimpleData name="OBJECTID">185</SimpleData>
			</SchemaData>
		</ExtendedData>
		<Point>
			<coordinates>77.5562377,12.9664044,0</coordinates>
		</Point>
	</Placemark>
	<Placemark>
		<styleUrl>#bbmp_dry_waste_collection_centres_style</styleUrl>
		<ExtendedData>
			<SchemaData schemaUrl="#J_bbmp_dry_waste_collection_centres_SSSIISI">
				<SimpleData name="DWCCName">Dharmaraya Swamy Temple ward</SimpleData>
				<SimpleData name="DepartmentCode">266</SimpleData>
				<SimpleData name="KGISCode">29572055428031620000URBMPPUGENDWC0264</SimpleData>
				<SimpleData name="KGISDWCCID">266</SimpleData>
				<SimpleData name="KGISVillageID">30092</SimpleData>
				<SimpleData name="KGISWardID">119</SimpleData>
				<SimpleData name="OBJECTID">186</SimpleData>
			</SchemaData>
		</ExtendedData>
		<Point>
			<coordinates>77.5779586,12.9611921,0</coordinates>
		</Point>
	</Placemark>
	<Placemark>
		<styleUrl>#bbmp_dry_waste_collection_centres_style</styleUrl>
		<ExtendedData>
			<SchemaData schemaUrl="#J_bbmp_dry_waste_collection_centres_SSSIISI">
				<SimpleData name="DWCCName">Shanthi Nagar</SimpleData>
				<SimpleData name="DepartmentCode">267</SimpleData>
				<SimpleData name="KGISCode">29572055428031620000URBMPPUGENDWC0265</SimpleData>
				<SimpleData name="KGISDWCCID">267</SimpleData>
				<SimpleData name="KGISVillageID">15500</SimpleData>
				<SimpleData name="KGISWardID">117</SimpleData>
				<SimpleData name="OBJECTID">187</SimpleData>
			</SchemaData>
		</ExtendedData>
		<Point>
			<coordinates>77.5971936,12.9546399,0</coordinates>
		</Point>
	</Placemark>
	<Placemark>
		<styleUrl>#bbmp_dry_waste_collection_centres_style</styleUrl>
		<ExtendedData>
			<SchemaData schemaUrl="#J_bbmp_dry_waste_collection_centres_SSSIISI">
				<SimpleData name="DWCCName">SUNKENAHALLI</SimpleData>
				<SimpleData name="DepartmentCode">268</SimpleData>
				<SimpleData name="KGISCode">29572055428031620000URBMPPUGENDWC0266</SimpleData>
				<SimpleData name="KGISDWCCID">268</SimpleData>
				<SimpleData name="KGISVillageID">30092</SimpleData>
				<SimpleData name="KGISWardID">142</SimpleData>
				<SimpleData name="OBJECTID">188</SimpleData>
			</SchemaData>
		</ExtendedData>
		<Point>
			<coordinates>77.5726951,12.9448871,0</coordinates>
		</Point>
	</Placemark>
	<Placemark>
		<styleUrl>#bbmp_dry_waste_collection_centres_style</styleUrl>
		<ExtendedData>
			<SchemaData schemaUrl="#J_bbmp_dry_waste_collection_centres_SSSIISI">
				<SimpleData name="DWCCName">YEDIYUR</SimpleData>
				<SimpleData name="DepartmentCode">269</SimpleData>
				<SimpleData name="KGISCode">29572055428031620000URBMPPUGENDWC0267</SimpleData>
				<SimpleData name="KGISDWCCID">269</SimpleData>
				<SimpleData name="KGISVillageID">30092</SimpleData>
				<SimpleData name="KGISWardID">167</SimpleData>
				<SimpleData name="OBJECTID">189</SimpleData>
			</SchemaData>
		</ExtendedData>
		<Point>
			<coordinates>77.5781772,12.9374116,0</coordinates>
		</Point>
	</Placemark>
	<Placemark>
		<styleUrl>#bbmp_dry_waste_collection_centres_style</styleUrl>
		<ExtendedData>
			<SchemaData schemaUrl="#J_bbmp_dry_waste_collection_centres_SSSIISI">
				<SimpleData name="DWCCName">KAVALBYRASANDRA</SimpleData>
				<SimpleData name="DepartmentCode">27</SimpleData>
				<SimpleData name="KGISCode">29572055428031620000URBMPPUGENDWC0027</SimpleData>
				<SimpleData name="KGISDWCCID">27</SimpleData>
				<SimpleData name="KGISVillageID">15125</SimpleData>
				<SimpleData name="KGISWardID">32</SimpleData>
				<SimpleData name="OBJECTID">190</SimpleData>
			</SchemaData>
		</ExtendedData>
		<Point>
			<coordinates>77.616167,13.0278,0</coordinates>
		</Point>
	</Placemark>
	<Placemark>
		<styleUrl>#bbmp_dry_waste_collection_centres_style</styleUrl>
		<ExtendedData>
			<SchemaData schemaUrl="#J_bbmp_dry_waste_collection_centres_SSSIISI">
				<SimpleData name="DWCCName">YEDIYUR</SimpleData>
				<SimpleData name="DepartmentCode">270</SimpleData>
				<SimpleData name="KGISCode">29572055428031620000URBMPPUGENDWC0268</SimpleData>
				<SimpleData name="KGISDWCCID">270</SimpleData>
				<SimpleData name="KGISVillageID">15720</SimpleData>
				<SimpleData name="KGISWardID">167</SimpleData>
				<SimpleData name="OBJECTID">191</SimpleData>
			</SchemaData>
		</ExtendedData>
		<Point>
			<coordinates>77.57842220000001,12.9311996,0</coordinates>
		</Point>
	</Placemark>
	<Placemark>
		<styleUrl>#bbmp_dry_waste_collection_centres_style</styleUrl>
		<ExtendedData>
			<SchemaData schemaUrl="#J_bbmp_dry_waste_collection_centres_SSSIISI">
				<SimpleData name="DWCCName">BYRASANDRA</SimpleData>
				<SimpleData name="DepartmentCode">271</SimpleData>
				<SimpleData name="KGISCode">29572055428031620000URBMPPUGENDWC0269</SimpleData>
				<SimpleData name="KGISDWCCID">271</SimpleData>
				<SimpleData name="KGISVillageID">15680</SimpleData>
				<SimpleData name="KGISWardID">169</SimpleData>
				<SimpleData name="OBJECTID">192</SimpleData>
			</SchemaData>
		</ExtendedData>
		<Point>
			<coordinates>77.5864583,12.9318773,0</coordinates>
		</Point>
	</Placemark>
	<Placemark>
		<styleUrl>#bbmp_dry_waste_collection_centres_style</styleUrl>
		<ExtendedData>
			<SchemaData schemaUrl="#J_bbmp_dry_waste_collection_centres_SSSIISI">
				<SimpleData name="DWCCName">SHAKAMBARI NAGAR</SimpleData>
				<SimpleData name="DepartmentCode">272</SimpleData>
				<SimpleData name="KGISCode">29572055428031620000URBMPPUGENDWC0270</SimpleData>
				<SimpleData name="KGISDWCCID">272</SimpleData>
				<SimpleData name="KGISVillageID">15711</SimpleData>
				<SimpleData name="KGISWardID">179</SimpleData>
				<SimpleData name="OBJECTID">193</SimpleData>
			</SchemaData>
		</ExtendedData>
		<Point>
			<coordinates>77.5744072,12.9160938,0</coordinates>
		</Point>
	</Placemark>
	<Placemark>
		<styleUrl>#bbmp_dry_waste_collection_centres_style</styleUrl>
		<ExtendedData>
			<SchemaData schemaUrl="#J_bbmp_dry_waste_collection_centres_SSSIISI">
				<SimpleData name="DWCCName">BANASHANKARI TEMPLE</SimpleData>
				<SimpleData name="DepartmentCode">273</SimpleData>
				<SimpleData name="KGISCode">29572055428031620000URBMPPUGENDWC0271</SimpleData>
				<SimpleData name="KGISDWCCID">273</SimpleData>
				<SimpleData name="KGISVillageID">15693</SimpleData>
				<SimpleData name="KGISWardID">180</SimpleData>
				<SimpleData name="OBJECTID">194</SimpleData>
			</SchemaData>
		</ExtendedData>
		<Point>
			<coordinates>77.5714104,12.9099137,0</coordinates>
		</Point>
	</Placemark>
	<Placemark>
		<styleUrl>#bbmp_dry_waste_collection_centres_style</styleUrl>
		<ExtendedData>
			<SchemaData schemaUrl="#J_bbmp_dry_waste_collection_centres_SSSIISI">
				<SimpleData name="DWCCName">Jaraganahalli</SimpleData>
				<SimpleData name="DepartmentCode">274</SimpleData>
				<SimpleData name="KGISCode">29572055428031620000URBMPPUGENDWC0272</SimpleData>
				<SimpleData name="KGISDWCCID">274</SimpleData>
				<SimpleData name="KGISVillageID">15711</SimpleData>
				<SimpleData name="KGISWardID">186</SimpleData>
				<SimpleData name="OBJECTID">195</SimpleData>
			</SchemaData>
		</ExtendedData>
		<Point>
			<coordinates>77.5750705,12.9054854,0</coordinates>
		</Point>
	</Placemark>
	<Placemark>
		<styleUrl>#bbmp_dry_waste_collection_centres_style</styleUrl>
		<ExtendedData>
			<SchemaData schemaUrl="#J_bbmp_dry_waste_collection_centres_SSSIISI">
				<SimpleData name="DWCCName">Yelchenahalli</SimpleData>
				<SimpleData name="DepartmentCode">275</SimpleData>
				<SimpleData name="KGISCode">29572055428031620000URBMPPUGENDWC0273</SimpleData>
				<SimpleData name="KGISDWCCID">275</SimpleData>
				<SimpleData name="KGISVillageID">15693</SimpleData>
				<SimpleData name="KGISWardID">185</SimpleData>
				<SimpleData name="OBJECTID">196</SimpleData>
			</SchemaData>
		</ExtendedData>
		<Point>
			<coordinates>77.571336,12.9026445,0</coordinates>
		</Point>
	</Placemark>
	<Placemark>
		<styleUrl>#bbmp_dry_waste_collection_centres_style</styleUrl>
		<ExtendedData>
			<SchemaData schemaUrl="#J_bbmp_dry_waste_collection_centres_SSSIISI">
				<SimpleData name="DWCCName">Jaraganahalli</SimpleData>
				<SimpleData name="DepartmentCode">276</SimpleData>
				<SimpleData name="KGISCode">29572055428031620000URBMPPUGENDWC0274</SimpleData>
				<SimpleData name="KGISDWCCID">276</SimpleData>
				<SimpleData name="KGISVillageID">15722</SimpleData>
				<SimpleData name="KGISWardID">186</SimpleData>
				<SimpleData name="OBJECTID">197</SimpleData>
			</SchemaData>
		</ExtendedData>
		<Point>
			<coordinates>77.5708064,12.8961372,0</coordinates>
		</Point>
	</Placemark>
	<Placemark>
		<styleUrl>#bbmp_dry_waste_collection_centres_style</styleUrl>
		<ExtendedData>
			<SchemaData schemaUrl="#J_bbmp_dry_waste_collection_centres_SSSIISI">
				<SimpleData name="DWCCName">KUMARASWAMY LAYOUT</SimpleData>
				<SimpleData name="DepartmentCode">277</SimpleData>
				<SimpleData name="KGISCode">29572055428031620000URBMPPUGENDWC0275</SimpleData>
				<SimpleData name="KGISDWCCID">277</SimpleData>
				<SimpleData name="KGISVillageID">15696</SimpleData>
				<SimpleData name="KGISWardID">181</SimpleData>
				<SimpleData name="OBJECTID">198</SimpleData>
			</SchemaData>
		</ExtendedData>
		<Point>
			<coordinates>77.56319740000001,12.9069652,0</coordinates>
		</Point>
	</Placemark>
	<Placemark>
		<styleUrl>#bbmp_dry_waste_collection_centres_style</styleUrl>
		<ExtendedData>
			<SchemaData schemaUrl="#J_bbmp_dry_waste_collection_centres_SSSIISI">
				<SimpleData name="DWCCName">Vasanthpura</SimpleData>
				<SimpleData name="DepartmentCode">278</SimpleData>
				<SimpleData name="KGISCode">29572055428031620000URBMPPUGENDWC0276</SimpleData>
				<SimpleData name="KGISDWCCID">278</SimpleData>
				<SimpleData name="KGISVillageID">15694</SimpleData>
				<SimpleData name="KGISWardID">197</SimpleData>
				<SimpleData name="OBJECTID">199</SimpleData>
			</SchemaData>
		</ExtendedData>
		<Point>
			<coordinates>77.5510737,12.9142024,0</coordinates>
		</Point>
	</Placemark>
	<Placemark>
		<styleUrl>#bbmp_dry_waste_collection_centres_style</styleUrl>
		<ExtendedData>
			<SchemaData schemaUrl="#J_bbmp_dry_waste_collection_centres_SSSIISI">
				<SimpleData name="DWCCName">PADMANABHANAGAR</SimpleData>
				<SimpleData name="DepartmentCode">279</SimpleData>
				<SimpleData name="KGISCode">29572055428031620000URBMPPUGENDWC0277</SimpleData>
				<SimpleData name="KGISDWCCID">279</SimpleData>
				<SimpleData name="KGISVillageID">15717</SimpleData>
				<SimpleData name="KGISWardID">182</SimpleData>
				<SimpleData name="OBJECTID">200</SimpleData>
			</SchemaData>
		</ExtendedData>
		<Point>
			<coordinates>77.54851909999999,12.9058972,0</coordinates>
		</Point>
	</Placemark>
	<Placemark>
		<styleUrl>#bbmp_dry_waste_collection_centres_style</styleUrl>
		<ExtendedData>
			<SchemaData schemaUrl="#J_bbmp_dry_waste_collection_centres_SSSIISI">
				<SimpleData name="DWCCName">MATTIKERE</SimpleData>
				<SimpleData name="DepartmentCode">28</SimpleData>
				<SimpleData name="KGISCode">29572055428031620000URBMPPUGENDWC0028</SimpleData>
				<SimpleData name="KGISDWCCID">28</SimpleData>
				<SimpleData name="KGISVillageID">15143</SimpleData>
				<SimpleData name="KGISWardID">36</SimpleData>
				<SimpleData name="OBJECTID">201</SimpleData>
			</SchemaData>
		</ExtendedData>
		<Point>
			<coordinates>77.560974,13.03942,0</coordinates>
		</Point>
	</Placemark>
	<Placemark>
		<styleUrl>#bbmp_dry_waste_collection_centres_style</styleUrl>
		<ExtendedData>
			<SchemaData schemaUrl="#J_bbmp_dry_waste_collection_centres_SSSIISI">
				<SimpleData name="DWCCName">UTTARAHALLI</SimpleData>
				<SimpleData name="DepartmentCode">280</SimpleData>
				<SimpleData name="KGISCode">29572055428031620000URBMPPUGENDWC0278</SimpleData>
				<SimpleData name="KGISDWCCID">280</SimpleData>
				<SimpleData name="KGISVillageID">15717</SimpleData>
				<SimpleData name="KGISWardID">184</SimpleData>
				<SimpleData name="OBJECTID">202</SimpleData>
			</SchemaData>
		</ExtendedData>
		<Point>
			<coordinates>77.54157360000001,12.9061163,0</coordinates>
		</Point>
	</Placemark>
	<Placemark>
		<styleUrl>#bbmp_dry_waste_collection_centres_style</styleUrl>
		<ExtendedData>
			<SchemaData schemaUrl="#J_bbmp_dry_waste_collection_centres_SSSIISI">
				<SimpleData name="DWCCName">UTTARAHALLI</SimpleData>
				<SimpleData name="DepartmentCode">281</SimpleData>
				<SimpleData name="KGISCode">29572055428031620000URBMPPUGENDWC0279</SimpleData>
				<SimpleData name="KGISDWCCID">281</SimpleData>
				<SimpleData name="KGISVillageID">15717</SimpleData>
				<SimpleData name="KGISWardID">184</SimpleData>
				<SimpleData name="OBJECTID">203</SimpleData>
			</SchemaData>
		</ExtendedData>
		<Point>
			<coordinates>77.540013,12.9044654,0</coordinates>
		</Point>
	</Placemark>
	<Placemark>
		<styleUrl>#bbmp_dry_waste_collection_centres_style</styleUrl>
		<ExtendedData>
			<SchemaData schemaUrl="#J_bbmp_dry_waste_collection_centres_SSSIISI">
				<SimpleData name="DWCCName">UTTARAHALLI</SimpleData>
				<SimpleData name="DepartmentCode">282</SimpleData>
				<SimpleData name="KGISCode">29572055428031620000URBMPPUGENDWC0280</SimpleData>
				<SimpleData name="KGISDWCCID">282</SimpleData>
				<SimpleData name="KGISVillageID">15706</SimpleData>
				<SimpleData name="KGISWardID">184</SimpleData>
				<SimpleData name="OBJECTID">204</SimpleData>
			</SchemaData>
		</ExtendedData>
		<Point>
			<coordinates>77.5462536,12.8956201,0</coordinates>
		</Point>
	</Placemark>
	<Placemark>
		<styleUrl>#bbmp_dry_waste_collection_centres_style</styleUrl>
		<ExtendedData>
			<SchemaData schemaUrl="#J_bbmp_dry_waste_collection_centres_SSSIISI">
				<SimpleData name="DWCCName">Vasanthpura</SimpleData>
				<SimpleData name="DepartmentCode">283</SimpleData>
				<SimpleData name="KGISCode">29572055428031620000URBMPPUGENDWC0281</SimpleData>
				<SimpleData name="KGISDWCCID">283</SimpleData>
				<SimpleData name="KGISVillageID">15692</SimpleData>
				<SimpleData name="KGISWardID">197</SimpleData>
				<SimpleData name="OBJECTID">205</SimpleData>
			</SchemaData>
		</ExtendedData>
		<Point>
			<coordinates>77.5524669,12.899346,0</coordinates>
		</Point>
	</Placemark>
	<Placemark>
		<styleUrl>#bbmp_dry_waste_collection_centres_style</styleUrl>
		<ExtendedData>
			<SchemaData schemaUrl="#J_bbmp_dry_waste_collection_centres_SSSIISI">
				<SimpleData name="DWCCName">KATRIGUPPE</SimpleData>
				<SimpleData name="DepartmentCode">284</SimpleData>
				<SimpleData name="KGISCode">29572055428031620000URBMPPUGENDWC0282</SimpleData>
				<SimpleData name="KGISDWCCID">284</SimpleData>
				<SimpleData name="KGISVillageID">15698</SimpleData>
				<SimpleData name="KGISWardID">163</SimpleData>
				<SimpleData name="OBJECTID">206</SimpleData>
			</SchemaData>
		</ExtendedData>
		<Point>
			<coordinates>77.5531807,12.9240265,0</coordinates>
		</Point>
	</Placemark>
	<Placemark>
		<styleUrl>#bbmp_dry_waste_collection_centres_style</styleUrl>
		<ExtendedData>
			<SchemaData schemaUrl="#J_bbmp_dry_waste_collection_centres_SSSIISI">
				<SimpleData name="DWCCName">KATRIGUPPE</SimpleData>
				<SimpleData name="DepartmentCode">285</SimpleData>
				<SimpleData name="KGISCode">29572055428031620000URBMPPUGENDWC0283</SimpleData>
				<SimpleData name="KGISDWCCID">285</SimpleData>
				<SimpleData name="KGISVillageID">15698</SimpleData>
				<SimpleData name="KGISWardID">163</SimpleData>
				<SimpleData name="OBJECTID">207</SimpleData>
			</SchemaData>
		</ExtendedData>
		<Point>
			<coordinates>77.55367320000001,12.9268994,0</coordinates>
		</Point>
	</Placemark>
	<Placemark>
		<styleUrl>#bbmp_dry_waste_collection_centres_style</styleUrl>
		<ExtendedData>
			<SchemaData schemaUrl="#J_bbmp_dry_waste_collection_centres_SSSIISI">
				<SimpleData name="DWCCName">HOSAKEREHALLI</SimpleData>
				<SimpleData name="DepartmentCode">286</SimpleData>
				<SimpleData name="KGISCode">29572055428031620000URBMPPUGENDWC0284</SimpleData>
				<SimpleData name="KGISDWCCID">286</SimpleData>
				<SimpleData name="KGISVillageID">15689</SimpleData>
				<SimpleData name="KGISWardID">161</SimpleData>
				<SimpleData name="OBJECTID">208</SimpleData>
			</SchemaData>
		</ExtendedData>
		<Point>
			<coordinates>77.5445548,12.9260797,0</coordinates>
		</Point>
	</Placemark>
	<Placemark>
		<styleUrl>#bbmp_dry_waste_collection_centres_style</styleUrl>
		<ExtendedData>
			<SchemaData schemaUrl="#J_bbmp_dry_waste_collection_centres_SSSIISI">
				<SimpleData name="DWCCName">GIRINAGAR</SimpleData>
				<SimpleData name="DepartmentCode">287</SimpleData>
				<SimpleData name="KGISCode">29572055428031620000URBMPPUGENDWC0285</SimpleData>
				<SimpleData name="KGISDWCCID">287</SimpleData>
				<SimpleData name="KGISVillageID">15688</SimpleData>
				<SimpleData name="KGISWardID">162</SimpleData>
				<SimpleData name="OBJECTID">209</SimpleData>
			</SchemaData>
		</ExtendedData>
		<Point>
			<coordinates>77.5409399,12.935051,0</coordinates>
		</Point>
	</Placemark>
	<Placemark>
		<styleUrl>#bbmp_dry_waste_collection_centres_style</styleUrl>
		<ExtendedData>
			<SchemaData schemaUrl="#J_bbmp_dry_waste_collection_centres_SSSIISI">
				<SimpleData name="DWCCName">GIRINAGAR</SimpleData>
				<SimpleData name="DepartmentCode">288</SimpleData>
				<SimpleData name="KGISCode">29572055428031620000URBMPPUGENDWC0286</SimpleData>
				<SimpleData name="KGISDWCCID">288</SimpleData>
				<SimpleData name="KGISVillageID">15688</SimpleData>
				<SimpleData name="KGISWardID">162</SimpleData>
				<SimpleData name="OBJECTID">210</SimpleData>
			</SchemaData>
		</ExtendedData>
		<Point>
			<coordinates>77.5426214,12.9333685,0</coordinates>
		</Point>
	</Placemark>
	<Placemark>
		<styleUrl>#bbmp_dry_waste_collection_centres_style</styleUrl>
		<ExtendedData>
			<SchemaData schemaUrl="#J_bbmp_dry_waste_collection_centres_SSSIISI">
				<SimpleData name="DWCCName">GIRINAGAR</SimpleData>
				<SimpleData name="DepartmentCode">289</SimpleData>
				<SimpleData name="KGISCode">29572055428031620000URBMPPUGENDWC0287</SimpleData>
				<SimpleData name="KGISDWCCID">289</SimpleData>
				<SimpleData name="KGISVillageID">15678</SimpleData>
				<SimpleData name="KGISWardID">162</SimpleData>
				<SimpleData name="OBJECTID">211</SimpleData>
			</SchemaData>
		</ExtendedData>
		<Point>
			<coordinates>77.5419338,12.9417054,0</coordinates>
		</Point>
	</Placemark>
	<Placemark>
		<styleUrl>#bbmp_dry_waste_collection_centres_style</styleUrl>
		<ExtendedData>
			<SchemaData schemaUrl="#J_bbmp_dry_waste_collection_centres_SSSIISI">
				<SimpleData name="DWCCName">HMT</SimpleData>
				<SimpleData name="DepartmentCode">29</SimpleData>
				<SimpleData name="KGISCode">29572055428031620000URBMPPUGENDWC0029</SimpleData>
				<SimpleData name="KGISDWCCID">29</SimpleData>
				<SimpleData name="KGISVillageID">15491</SimpleData>
				<SimpleData name="KGISWardID">38</SimpleData>
				<SimpleData name="OBJECTID">212</SimpleData>
			</SchemaData>
		</ExtendedData>
		<Point>
			<coordinates>77.52964299999999,13.03123,0</coordinates>
		</Point>
	</Placemark>
	<Placemark>
		<styleUrl>#bbmp_dry_waste_collection_centres_style</styleUrl>
		<ExtendedData>
			<SchemaData schemaUrl="#J_bbmp_dry_waste_collection_centres_SSSIISI">
				<SimpleData name="DWCCName">GIRINAGAR</SimpleData>
				<SimpleData name="DepartmentCode">290</SimpleData>
				<SimpleData name="KGISCode">29572055428031620000URBMPPUGENDWC0288</SimpleData>
				<SimpleData name="KGISDWCCID">290</SimpleData>
				<SimpleData name="KGISVillageID">15101</SimpleData>
				<SimpleData name="KGISWardID">162</SimpleData>
				<SimpleData name="OBJECTID">213</SimpleData>
			</SchemaData>
		</ExtendedData>
		<Point>
			<coordinates>77.5491322,12.9358797,0</coordinates>
		</Point>
	</Placemark>
	<Placemark>
		<styleUrl>#bbmp_dry_waste_collection_centres_style</styleUrl>
		<ExtendedData>
			<SchemaData schemaUrl="#J_bbmp_dry_waste_collection_centres_SSSIISI">
				<SimpleData name="DWCCName">KATRIGUPPE</SimpleData>
				<SimpleData name="DepartmentCode">291</SimpleData>
				<SimpleData name="KGISCode">29572055428031620000URBMPPUGENDWC0289</SimpleData>
				<SimpleData name="KGISDWCCID">291</SimpleData>
				<SimpleData name="KGISVillageID">15101</SimpleData>
				<SimpleData name="KGISWardID">163</SimpleData>
				<SimpleData name="OBJECTID">214</SimpleData>
			</SchemaData>
		</ExtendedData>
		<Point>
			<coordinates>77.5534507,12.9353831,0</coordinates>
		</Point>
	</Placemark>
	<Placemark>
		<styleUrl>#bbmp_dry_waste_collection_centres_style</styleUrl>
		<ExtendedData>
			<SchemaData schemaUrl="#J_bbmp_dry_waste_collection_centres_SSSIISI">
				<SimpleData name="DWCCName">HOSAKEREHALLI</SimpleData>
				<SimpleData name="DepartmentCode">292</SimpleData>
				<SimpleData name="KGISCode">29572055428031620000URBMPPUGENDWC0290</SimpleData>
				<SimpleData name="KGISDWCCID">292</SimpleData>
				<SimpleData name="KGISVillageID">15688</SimpleData>
				<SimpleData name="KGISWardID">161</SimpleData>
				<SimpleData name="OBJECTID">215</SimpleData>
			</SchemaData>
		</ExtendedData>
		<Point>
			<coordinates>77.5384174,12.9299259,0</coordinates>
		</Point>
	</Placemark>
	<Placemark>
		<styleUrl>#bbmp_dry_waste_collection_centres_style</styleUrl>
		<ExtendedData>
			<SchemaData schemaUrl="#J_bbmp_dry_waste_collection_centres_SSSIISI">
				<SimpleData name="DWCCName">R.R.NAGAR</SimpleData>
				<SimpleData name="DepartmentCode">293</SimpleData>
				<SimpleData name="KGISCode">29572055428031620000URBMPPUGENDWC0291</SimpleData>
				<SimpleData name="KGISDWCCID">293</SimpleData>
				<SimpleData name="KGISVillageID">15688</SimpleData>
				<SimpleData name="KGISWardID">160</SimpleData>
				<SimpleData name="OBJECTID">216</SimpleData>
			</SchemaData>
		</ExtendedData>
		<Point>
			<coordinates>77.5279384,12.9319967,0</coordinates>
		</Point>
	</Placemark>
	<Placemark>
		<styleUrl>#bbmp_dry_waste_collection_centres_style</styleUrl>
		<ExtendedData>
			<SchemaData schemaUrl="#J_bbmp_dry_waste_collection_centres_SSSIISI">
				<SimpleData name="DWCCName">Nayandahalli</SimpleData>
				<SimpleData name="DepartmentCode">294</SimpleData>
				<SimpleData name="KGISCode">29572055428031620000URBMPPUGENDWC0292</SimpleData>
				<SimpleData name="KGISDWCCID">294</SimpleData>
				<SimpleData name="KGISVillageID">15593</SimpleData>
				<SimpleData name="KGISWardID">131</SimpleData>
				<SimpleData name="OBJECTID">217</SimpleData>
			</SchemaData>
		</ExtendedData>
		<Point>
			<coordinates>77.51658279999999,12.9390737,0</coordinates>
		</Point>
	</Placemark>
	<Placemark>
		<styleUrl>#bbmp_dry_waste_collection_centres_style</styleUrl>
		<ExtendedData>
			<SchemaData schemaUrl="#J_bbmp_dry_waste_collection_centres_SSSIISI">
				<SimpleData name="DWCCName">R.R.NAGAR</SimpleData>
				<SimpleData name="DepartmentCode">295</SimpleData>
				<SimpleData name="KGISCode">29572055428031620000URBMPPUGENDWC0293</SimpleData>
				<SimpleData name="KGISDWCCID">295</SimpleData>
				<SimpleData name="KGISVillageID">15581</SimpleData>
				<SimpleData name="KGISWardID">160</SimpleData>
				<SimpleData name="OBJECTID">218</SimpleData>
			</SchemaData>
		</ExtendedData>
		<Point>
			<coordinates>77.5132129,12.9263834,0</coordinates>
		</Point>
	</Placemark>
	<Placemark>
		<styleUrl>#bbmp_dry_waste_collection_centres_style</styleUrl>
		<ExtendedData>
			<SchemaData schemaUrl="#J_bbmp_dry_waste_collection_centres_SSSIISI">
				<SimpleData name="DWCCName">Jnana Bharathi ward</SimpleData>
				<SimpleData name="DepartmentCode">296</SimpleData>
				<SimpleData name="KGISCode">29572055428031620000URBMPPUGENDWC0294</SimpleData>
				<SimpleData name="KGISDWCCID">296</SimpleData>
				<SimpleData name="KGISVillageID">15486</SimpleData>
				<SimpleData name="KGISWardID">129</SimpleData>
				<SimpleData name="OBJECTID">219</SimpleData>
			</SchemaData>
		</ExtendedData>
		<Point>
			<coordinates>77.50345830000001,12.9546491,0</coordinates>
		</Point>
	</Placemark>
	<Placemark>
		<styleUrl>#bbmp_dry_waste_collection_centres_style</styleUrl>
		<ExtendedData>
			<SchemaData schemaUrl="#J_bbmp_dry_waste_collection_centres_SSSIISI">
				<SimpleData name="DWCCName">KENGERI</SimpleData>
				<SimpleData name="DepartmentCode">297</SimpleData>
				<SimpleData name="KGISCode">29572055428031620000URBMPPUGENDWC0295</SimpleData>
				<SimpleData name="KGISDWCCID">297</SimpleData>
				<SimpleData name="KGISVillageID">15582</SimpleData>
				<SimpleData name="KGISWardID">159</SimpleData>
				<SimpleData name="OBJECTID">220</SimpleData>
			</SchemaData>
		</ExtendedData>
		<Point>
			<coordinates>77.4830305,12.9190992,0</coordinates>
		</Point>
	</Placemark>
	<Placemark>
		<styleUrl>#bbmp_dry_waste_collection_centres_style</styleUrl>
		<ExtendedData>
			<SchemaData schemaUrl="#J_bbmp_dry_waste_collection_centres_SSSIISI">
				<SimpleData name="DWCCName">PUTTENAHALLI</SimpleData>
				<SimpleData name="DepartmentCode">298</SimpleData>
				<SimpleData name="KGISCode">29572055428031620000URBMPPUGENDWC0296</SimpleData>
				<SimpleData name="KGISDWCCID">298</SimpleData>
				<SimpleData name="KGISVillageID">15709</SimpleData>
				<SimpleData name="KGISWardID">187</SimpleData>
				<SimpleData name="OBJECTID">221</SimpleData>
			</SchemaData>
		</ExtendedData>
		<Point>
			<coordinates>77.5843349,12.8905515,0</coordinates>
		</Point>
	</Placemark>
	<Placemark>
		<styleUrl>#bbmp_dry_waste_collection_centres_style</styleUrl>
		<ExtendedData>
			<SchemaData schemaUrl="#J_bbmp_dry_waste_collection_centres_SSSIISI">
				<SimpleData name="DWCCName">KONANKUNTE</SimpleData>
				<SimpleData name="DepartmentCode">299</SimpleData>
				<SimpleData name="KGISCode">29572055428031620000URBMPPUGENDWC0297</SimpleData>
				<SimpleData name="KGISDWCCID">299</SimpleData>
				<SimpleData name="KGISVillageID">15704</SimpleData>
				<SimpleData name="KGISWardID">195</SimpleData>
				<SimpleData name="OBJECTID">222</SimpleData>
			</SchemaData>
		</ExtendedData>
		<Point>
			<coordinates>77.5892357,12.8867167,0</coordinates>
		</Point>
	</Placemark>
	<Placemark>
		<styleUrl>#bbmp_dry_waste_collection_centres_style</styleUrl>
		<ExtendedData>
			<SchemaData schemaUrl="#J_bbmp_dry_waste_collection_centres_SSSIISI">
				<SimpleData name="DWCCName">ATTURU</SimpleData>
				<SimpleData name="DepartmentCode">3</SimpleData>
				<SimpleData name="KGISCode">29572055428031620000URBMPPUGENDWC0003</SimpleData>
				<SimpleData name="KGISDWCCID">3</SimpleData>
				<SimpleData name="KGISVillageID">15373</SimpleData>
				<SimpleData name="KGISWardID">3</SimpleData>
				<SimpleData name="OBJECTID">223</SimpleData>
			</SchemaData>
		</ExtendedData>
		<Point>
			<coordinates>77.584508,13.09053,0</coordinates>
		</Point>
	</Placemark>
	<Placemark>
		<styleUrl>#bbmp_dry_waste_collection_centres_style</styleUrl>
		<ExtendedData>
			<SchemaData schemaUrl="#J_bbmp_dry_waste_collection_centres_SSSIISI">
				<SimpleData name="DWCCName">CHOKKASANDRA</SimpleData>
				<SimpleData name="DepartmentCode">30</SimpleData>
				<SimpleData name="KGISCode">29572055428031620000URBMPPUGENDWC0030</SimpleData>
				<SimpleData name="KGISDWCCID">30</SimpleData>
				<SimpleData name="KGISVillageID">15489</SimpleData>
				<SimpleData name="KGISWardID">39</SimpleData>
				<SimpleData name="OBJECTID">224</SimpleData>
			</SchemaData>
		</ExtendedData>
		<Point>
			<coordinates>77.49647400000001,13.04154,0</coordinates>
		</Point>
	</Placemark>
	<Placemark>
		<styleUrl>#bbmp_dry_waste_collection_centres_style</styleUrl>
		<ExtendedData>
			<SchemaData schemaUrl="#J_bbmp_dry_waste_collection_centres_SSSIISI">
				<SimpleData name="DWCCName">HEMMIGEPURA</SimpleData>
				<SimpleData name="DepartmentCode">300</SimpleData>
				<SimpleData name="KGISCode">29572055428031620000URBMPPUGENDWC0298</SimpleData>
				<SimpleData name="KGISDWCCID">300</SimpleData>
				<SimpleData name="KGISVillageID">15567</SimpleData>
				<SimpleData name="KGISWardID">198</SimpleData>
				<SimpleData name="OBJECTID">225</SimpleData>
			</SchemaData>
		</ExtendedData>
		<Point>
			<coordinates>77.5146325,12.8830518,0</coordinates>
		</Point>
	</Placemark>
	<Placemark>
		<styleUrl>#bbmp_dry_waste_collection_centres_style</styleUrl>
		<ExtendedData>
			<SchemaData schemaUrl="#J_bbmp_dry_waste_collection_centres_SSSIISI">
				<SimpleData name="DWCCName">BILKEHALLI</SimpleData>
				<SimpleData name="DepartmentCode">301</SimpleData>
				<SimpleData name="KGISCode">29572055428031620000URBMPPUGENDWC0299</SimpleData>
				<SimpleData name="KGISDWCCID">301</SimpleData>
				<SimpleData name="KGISVillageID">15508</SimpleData>
				<SimpleData name="KGISWardID">188</SimpleData>
				<SimpleData name="OBJECTID">226</SimpleData>
			</SchemaData>
		</ExtendedData>
		<Point>
			<coordinates>77.6058558,12.8965475,0</coordinates>
		</Point>
	</Placemark>
	<Placemark>
		<styleUrl>#bbmp_dry_waste_collection_centres_style</styleUrl>
		<ExtendedData>
			<SchemaData schemaUrl="#J_bbmp_dry_waste_collection_centres_SSSIISI">
				<SimpleData name="DWCCName">ANJANAPURA</SimpleData>
				<SimpleData name="DepartmentCode">302</SimpleData>
				<SimpleData name="KGISCode">29572055428031620000URBMPPUGENDWC0300</SimpleData>
				<SimpleData name="KGISDWCCID">302</SimpleData>
				<SimpleData name="KGISVillageID">15690</SimpleData>
				<SimpleData name="KGISWardID">196</SimpleData>
				<SimpleData name="OBJECTID">227</SimpleData>
			</SchemaData>
		</ExtendedData>
		<Point>
			<coordinates>77.5632444,12.8660716,0</coordinates>
		</Point>
	</Placemark>
	<Placemark>
		<styleUrl>#bbmp_dry_waste_collection_centres_style</styleUrl>
		<ExtendedData>
			<SchemaData schemaUrl="#J_bbmp_dry_waste_collection_centres_SSSIISI">
				<SimpleData name="DWCCName">GOTTIGERE</SimpleData>
				<SimpleData name="DepartmentCode">303</SimpleData>
				<SimpleData name="KGISCode">29572055428031620000URBMPPUGENDWC0301</SimpleData>
				<SimpleData name="KGISDWCCID">303</SimpleData>
				<SimpleData name="KGISVillageID">15704</SimpleData>
				<SimpleData name="KGISWardID">194</SimpleData>
				<SimpleData name="OBJECTID">228</SimpleData>
			</SchemaData>
		</ExtendedData>
		<Point>
			<coordinates>77.5831053,12.876024,0</coordinates>
		</Point>
	</Placemark>
	<Placemark>
		<styleUrl>#bbmp_dry_waste_collection_centres_style</styleUrl>
		<ExtendedData>
			<SchemaData schemaUrl="#J_bbmp_dry_waste_collection_centres_SSSIISI">
				<SimpleData name="DWCCName">GOTTIGERE</SimpleData>
				<SimpleData name="DepartmentCode">304</SimpleData>
				<SimpleData name="KGISCode">29572055428031620000URBMPPUGENDWC0302</SimpleData>
				<SimpleData name="KGISDWCCID">304</SimpleData>
				<SimpleData name="KGISVillageID">15704</SimpleData>
				<SimpleData name="KGISWardID">194</SimpleData>
				<SimpleData name="OBJECTID">229</SimpleData>
			</SchemaData>
		</ExtendedData>
		<Point>
			<coordinates>77.5802138,12.8649964,0</coordinates>
		</Point>
	</Placemark>
	<Placemark>
		<styleUrl>#bbmp_dry_waste_collection_centres_style</styleUrl>
		<ExtendedData>
			<SchemaData schemaUrl="#J_bbmp_dry_waste_collection_centres_SSSIISI">
				<SimpleData name="DWCCName">GOTTIGERE</SimpleData>
				<SimpleData name="DepartmentCode">305</SimpleData>
				<SimpleData name="KGISCode">29572055428031620000URBMPPUGENDWC0303</SimpleData>
				<SimpleData name="KGISDWCCID">305</SimpleData>
				<SimpleData name="KGISVillageID">15685</SimpleData>
				<SimpleData name="KGISWardID">194</SimpleData>
				<SimpleData name="OBJECTID">230</SimpleData>
			</SchemaData>
		</ExtendedData>
		<Point>
			<coordinates>77.59172150000001,12.8582189,0</coordinates>
		</Point>
	</Placemark>
	<Placemark>
		<styleUrl>#bbmp_dry_waste_collection_centres_style</styleUrl>
		<ExtendedData>
			<SchemaData schemaUrl="#J_bbmp_dry_waste_collection_centres_SSSIISI">
				<SimpleData name="DWCCName">GOTTIGERE</SimpleData>
				<SimpleData name="DepartmentCode">306</SimpleData>
				<SimpleData name="KGISCode">29572055428031620000URBMPPUGENDWC0304</SimpleData>
				<SimpleData name="KGISDWCCID">306</SimpleData>
				<SimpleData name="KGISVillageID">15685</SimpleData>
				<SimpleData name="KGISWardID">194</SimpleData>
				<SimpleData name="OBJECTID">231</SimpleData>
			</SchemaData>
		</ExtendedData>
		<Point>
			<coordinates>77.5878257,12.8546225,0</coordinates>
		</Point>
	</Placemark>
	<Placemark>
		<styleUrl>#bbmp_dry_waste_collection_centres_style</styleUrl>
		<ExtendedData>
			<SchemaData schemaUrl="#J_bbmp_dry_waste_collection_centres_SSSIISI">
				<SimpleData name="DWCCName">Arakere</SimpleData>
				<SimpleData name="DepartmentCode">307</SimpleData>
				<SimpleData name="KGISCode">29572055428031620000URBMPPUGENDWC0305</SimpleData>
				<SimpleData name="KGISDWCCID">307</SimpleData>
				<SimpleData name="KGISVillageID">15520</SimpleData>
				<SimpleData name="KGISWardID">193</SimpleData>
				<SimpleData name="OBJECTID">232</SimpleData>
			</SchemaData>
		</ExtendedData>
		<Point>
			<coordinates>77.6014267,12.8712991,0</coordinates>
		</Point>
	</Placemark>
	<Placemark>
		<styleUrl>#bbmp_dry_waste_collection_centres_style</styleUrl>
		<ExtendedData>
			<SchemaData schemaUrl="#J_bbmp_dry_waste_collection_centres_SSSIISI">
				<SimpleData name="DWCCName">Arakere</SimpleData>
				<SimpleData name="DepartmentCode">308</SimpleData>
				<SimpleData name="KGISCode">29572055428031620000URBMPPUGENDWC0306</SimpleData>
				<SimpleData name="KGISDWCCID">308</SimpleData>
				<SimpleData name="KGISVillageID">15520</SimpleData>
				<SimpleData name="KGISWardID">193</SimpleData>
				<SimpleData name="OBJECTID">233</SimpleData>
			</SchemaData>
		</ExtendedData>
		<Point>
			<coordinates>77.6093801,12.8790955,0</coordinates>
		</Point>
	</Placemark>
	<Placemark>
		<styleUrl>#bbmp_dry_waste_collection_centres_style</styleUrl>
		<ExtendedData>
			<SchemaData schemaUrl="#J_bbmp_dry_waste_collection_centres_SSSIISI">
				<SimpleData name="DWCCName">BOMMANHALLI</SimpleData>
				<SimpleData name="DepartmentCode">309</SimpleData>
				<SimpleData name="KGISCode">29572055428031620000URBMPPUGENDWC0307</SimpleData>
				<SimpleData name="KGISDWCCID">309</SimpleData>
				<SimpleData name="KGISVillageID">15511</SimpleData>
				<SimpleData name="KGISWardID">175</SimpleData>
				<SimpleData name="OBJECTID">234</SimpleData>
			</SchemaData>
		</ExtendedData>
		<Point>
			<coordinates>77.6170504,12.8893176,0</coordinates>
		</Point>
	</Placemark>
	<Placemark>
		<styleUrl>#bbmp_dry_waste_collection_centres_style</styleUrl>
		<ExtendedData>
			<SchemaData schemaUrl="#J_bbmp_dry_waste_collection_centres_SSSIISI">
				<SimpleData name="DWCCName">PEENYA INDL AREA</SimpleData>
				<SimpleData name="DepartmentCode">31</SimpleData>
				<SimpleData name="KGISCode">29572055428031620000URBMPPUGENDWC0031</SimpleData>
				<SimpleData name="KGISDWCCID">31</SimpleData>
				<SimpleData name="KGISVillageID">15483</SimpleData>
				<SimpleData name="KGISWardID">41</SimpleData>
				<SimpleData name="OBJECTID">235</SimpleData>
			</SchemaData>
		</ExtendedData>
		<Point>
			<coordinates>77.51507100000001,13.01462,0</coordinates>
		</Point>
	</Placemark>
	<Placemark>
		<styleUrl>#bbmp_dry_waste_collection_centres_style</styleUrl>
		<ExtendedData>
			<SchemaData schemaUrl="#J_bbmp_dry_waste_collection_centres_SSSIISI">
				<SimpleData name="DWCCName">HONGASANDRA</SimpleData>
				<SimpleData name="DepartmentCode">310</SimpleData>
				<SimpleData name="KGISCode">29572055428031620000URBMPPUGENDWC0308</SimpleData>
				<SimpleData name="KGISDWCCID">310</SimpleData>
				<SimpleData name="KGISVillageID">15518</SimpleData>
				<SimpleData name="KGISWardID">189</SimpleData>
				<SimpleData name="OBJECTID">236</SimpleData>
			</SchemaData>
		</ExtendedData>
		<Point>
			<coordinates>77.6266413,12.8911903,0</coordinates>
		</Point>
	</Placemark>
	<Placemark>
		<styleUrl>#bbmp_dry_waste_collection_centres_style</styleUrl>
		<ExtendedData>
			<SchemaData schemaUrl="#J_bbmp_dry_waste_collection_centres_SSSIISI">
				<SimpleData name="DWCCName">BEGUR</SimpleData>
				<SimpleData name="DepartmentCode">311</SimpleData>
				<SimpleData name="KGISCode">29572055428031620000URBMPPUGENDWC0309</SimpleData>
				<SimpleData name="KGISDWCCID">311</SimpleData>
				<SimpleData name="KGISVillageID">15505</SimpleData>
				<SimpleData name="KGISWardID">192</SimpleData>
				<SimpleData name="OBJECTID">237</SimpleData>
			</SchemaData>
		</ExtendedData>
		<Point>
			<coordinates>77.6199282,12.883988,0</coordinates>
		</Point>
	</Placemark>
	<Placemark>
		<styleUrl>#bbmp_dry_waste_collection_centres_style</styleUrl>
		<ExtendedData>
			<SchemaData schemaUrl="#J_bbmp_dry_waste_collection_centres_SSSIISI">
				<SimpleData name="DWCCName">BEGUR</SimpleData>
				<SimpleData name="DepartmentCode">312</SimpleData>
				<SimpleData name="KGISCode">29572055428031620000URBMPPUGENDWC0310</SimpleData>
				<SimpleData name="KGISDWCCID">312</SimpleData>
				<SimpleData name="KGISVillageID">15505</SimpleData>
				<SimpleData name="KGISWardID">192</SimpleData>
				<SimpleData name="OBJECTID">238</SimpleData>
			</SchemaData>
		</ExtendedData>
		<Point>
			<coordinates>77.6267558,12.8725609,0</coordinates>
		</Point>
	</Placemark>
	<Placemark>
		<styleUrl>#bbmp_dry_waste_collection_centres_style</styleUrl>
		<ExtendedData>
			<SchemaData schemaUrl="#J_bbmp_dry_waste_collection_centres_SSSIISI">
				<SimpleData name="DWCCName">SINGA SANDRA</SimpleData>
				<SimpleData name="DepartmentCode">313</SimpleData>
				<SimpleData name="KGISCode">29572055428031620000URBMPPUGENDWC0311</SimpleData>
				<SimpleData name="KGISDWCCID">313</SimpleData>
				<SimpleData name="KGISVillageID">15544</SimpleData>
				<SimpleData name="KGISWardID">191</SimpleData>
				<SimpleData name="OBJECTID">239</SimpleData>
			</SchemaData>
		</ExtendedData>
		<Point>
			<coordinates>77.6430433,12.8801209,0</coordinates>
		</Point>
	</Placemark>
	<Placemark>
		<styleUrl>#bbmp_dry_waste_collection_centres_style</styleUrl>
		<ExtendedData>
			<SchemaData schemaUrl="#J_bbmp_dry_waste_collection_centres_SSSIISI">
				<SimpleData name="DWCCName">KORAMANGALA</SimpleData>
				<SimpleData name="DepartmentCode">314</SimpleData>
				<SimpleData name="KGISCode">29572055428031620000URBMPPUGENDWC0312</SimpleData>
				<SimpleData name="KGISDWCCID">314</SimpleData>
				<SimpleData name="KGISVillageID">15530</SimpleData>
				<SimpleData name="KGISWardID">151</SimpleData>
				<SimpleData name="OBJECTID">240</SimpleData>
			</SchemaData>
		</ExtendedData>
		<Point>
			<coordinates>77.6145507,12.9309914,0</coordinates>
		</Point>
	</Placemark>
	<Placemark>
		<styleUrl>#bbmp_dry_waste_collection_centres_style</styleUrl>
		<ExtendedData>
			<SchemaData schemaUrl="#J_bbmp_dry_waste_collection_centres_SSSIISI">
				<SimpleData name="DWCCName">HSR LAYOUT</SimpleData>
				<SimpleData name="DepartmentCode">315</SimpleData>
				<SimpleData name="KGISCode">29572055428031620000URBMPPUGENDWC0313</SimpleData>
				<SimpleData name="KGISDWCCID">315</SimpleData>
				<SimpleData name="KGISVillageID">15501</SimpleData>
				<SimpleData name="KGISWardID">174</SimpleData>
				<SimpleData name="OBJECTID">241</SimpleData>
			</SchemaData>
		</ExtendedData>
		<Point>
			<coordinates>77.64688200000001,12.9221843,0</coordinates>
		</Point>
	</Placemark>
	<Placemark>
		<styleUrl>#bbmp_dry_waste_collection_centres_style</styleUrl>
		<ExtendedData>
			<SchemaData schemaUrl="#J_bbmp_dry_waste_collection_centres_SSSIISI">
				<SimpleData name="DWCCName">HSR LAYOUT</SimpleData>
				<SimpleData name="DepartmentCode">316</SimpleData>
				<SimpleData name="KGISCode">29572055428031620000URBMPPUGENDWC0314</SimpleData>
				<SimpleData name="KGISDWCCID">316</SimpleData>
				<SimpleData name="KGISVillageID">15501</SimpleData>
				<SimpleData name="KGISWardID">174</SimpleData>
				<SimpleData name="OBJECTID">242</SimpleData>
			</SchemaData>
		</ExtendedData>
		<Point>
			<coordinates>77.6454495,12.9181098,0</coordinates>
		</Point>
	</Placemark>
	<Placemark>
		<styleUrl>#bbmp_dry_waste_collection_centres_style</styleUrl>
		<ExtendedData>
			<SchemaData schemaUrl="#J_bbmp_dry_waste_collection_centres_SSSIISI">
				<SimpleData name="DWCCName">HSR LAYOUT</SimpleData>
				<SimpleData name="DepartmentCode">317</SimpleData>
				<SimpleData name="KGISCode">29572055428031620000URBMPPUGENDWC0315</SimpleData>
				<SimpleData name="KGISDWCCID">317</SimpleData>
				<SimpleData name="KGISVillageID">15517</SimpleData>
				<SimpleData name="KGISWardID">174</SimpleData>
				<SimpleData name="OBJECTID">243</SimpleData>
			</SchemaData>
		</ExtendedData>
		<Point>
			<coordinates>77.6475485,12.9121821,0</coordinates>
		</Point>
	</Placemark>
	<Placemark>
		<styleUrl>#bbmp_dry_waste_collection_centres_style</styleUrl>
		<ExtendedData>
			<SchemaData schemaUrl="#J_bbmp_dry_waste_collection_centres_SSSIISI">
				<SimpleData name="DWCCName">HONGASANDRA</SimpleData>
				<SimpleData name="DepartmentCode">318</SimpleData>
				<SimpleData name="KGISCode">29572055428031620000URBMPPUGENDWC0316</SimpleData>
				<SimpleData name="KGISDWCCID">318</SimpleData>
				<SimpleData name="KGISVillageID">15546</SimpleData>
				<SimpleData name="KGISWardID">189</SimpleData>
				<SimpleData name="OBJECTID">244</SimpleData>
			</SchemaData>
		</ExtendedData>
		<Point>
			<coordinates>77.63311899999999,12.9053613,0</coordinates>
		</Point>
	</Placemark>
	<Placemark>
		<styleUrl>#bbmp_dry_waste_collection_centres_style</styleUrl>
		<ExtendedData>
			<SchemaData schemaUrl="#J_bbmp_dry_waste_collection_centres_SSSIISI">
				<SimpleData name="DWCCName">MANGAMMA PALYA</SimpleData>
				<SimpleData name="DepartmentCode">319</SimpleData>
				<SimpleData name="KGISCode">29572055428031620000URBMPPUGENDWC0317</SimpleData>
				<SimpleData name="KGISDWCCID">319</SimpleData>
				<SimpleData name="KGISVillageID">15518</SimpleData>
				<SimpleData name="KGISWardID">190</SimpleData>
				<SimpleData name="OBJECTID">245</SimpleData>
			</SchemaData>
		</ExtendedData>
		<Point>
			<coordinates>77.6407722,12.8990747,0</coordinates>
		</Point>
	</Placemark>
	<Placemark>
		<styleUrl>#bbmp_dry_waste_collection_centres_style</styleUrl>
		<ExtendedData>
			<SchemaData schemaUrl="#J_bbmp_dry_waste_collection_centres_SSSIISI">
				<SimpleData name="DWCCName">NANDINI LAYOUT</SimpleData>
				<SimpleData name="DepartmentCode">32</SimpleData>
				<SimpleData name="KGISCode">29572055428031620000URBMPPUGENDWC0032</SimpleData>
				<SimpleData name="KGISDWCCID">32</SimpleData>
				<SimpleData name="KGISVillageID">15369</SimpleData>
				<SimpleData name="KGISWardID">43</SimpleData>
				<SimpleData name="OBJECTID">246</SimpleData>
			</SchemaData>
		</ExtendedData>
		<Point>
			<coordinates>77.536539,13.01522,0</coordinates>
		</Point>
	</Placemark>
	<Placemark>
		<styleUrl>#bbmp_dry_waste_collection_centres_style</styleUrl>
		<ExtendedData>
			<SchemaData schemaUrl="#J_bbmp_dry_waste_collection_centres_SSSIISI">
				<SimpleData name="DWCCName">Bellanduru</SimpleData>
				<SimpleData name="DepartmentCode">320</SimpleData>
				<SimpleData name="KGISCode">29572055428031620000URBMPPUGENDWC0318</SimpleData>
				<SimpleData name="KGISDWCCID">320</SimpleData>
				<SimpleData name="KGISVillageID">21465</SimpleData>
				<SimpleData name="KGISWardID">150</SimpleData>
				<SimpleData name="OBJECTID">247</SimpleData>
			</SchemaData>
		</ExtendedData>
		<Point>
			<coordinates>77.6767339,12.9127933,0</coordinates>
		</Point>
	</Placemark>
	<Placemark>
		<styleUrl>#bbmp_dry_waste_collection_centres_style</styleUrl>
		<ExtendedData>
			<SchemaData schemaUrl="#J_bbmp_dry_waste_collection_centres_SSSIISI">
				<SimpleData name="DWCCName">Bellanduru</SimpleData>
				<SimpleData name="DepartmentCode">321</SimpleData>
				<SimpleData name="KGISCode">29572055428031620000URBMPPUGENDWC0319</SimpleData>
				<SimpleData name="KGISDWCCID">321</SimpleData>
				<SimpleData name="KGISVillageID">21454</SimpleData>
				<SimpleData name="KGISWardID">150</SimpleData>
				<SimpleData name="OBJECTID">248</SimpleData>
			</SchemaData>
		</ExtendedData>
		<Point>
			<coordinates>77.68783209999999,12.9111649,0</coordinates>
		</Point>
	</Placemark>
	<Placemark>
		<styleUrl>#bbmp_dry_waste_collection_centres_style</styleUrl>
		<ExtendedData>
			<SchemaData schemaUrl="#J_bbmp_dry_waste_collection_centres_SSSIISI">
				<SimpleData name="DWCCName">Bellanduru</SimpleData>
				<SimpleData name="DepartmentCode">322</SimpleData>
				<SimpleData name="KGISCode">29572055428031620000URBMPPUGENDWC0320</SimpleData>
				<SimpleData name="KGISDWCCID">322</SimpleData>
				<SimpleData name="KGISVillageID">21463</SimpleData>
				<SimpleData name="KGISWardID">150</SimpleData>
				<SimpleData name="OBJECTID">249</SimpleData>
			</SchemaData>
		</ExtendedData>
		<Point>
			<coordinates>77.69551629999999,12.9366793,0</coordinates>
		</Point>
	</Placemark>
	<Placemark>
		<styleUrl>#bbmp_dry_waste_collection_centres_style</styleUrl>
		<ExtendedData>
			<SchemaData schemaUrl="#J_bbmp_dry_waste_collection_centres_SSSIISI">
				<SimpleData name="DWCCName">HAGADUR</SimpleData>
				<SimpleData name="DepartmentCode">323</SimpleData>
				<SimpleData name="KGISCode">29572055428031620000URBMPPUGENDWC0321</SimpleData>
				<SimpleData name="KGISDWCCID">323</SimpleData>
				<SimpleData name="KGISVillageID">21479</SimpleData>
				<SimpleData name="KGISWardID">86</SimpleData>
				<SimpleData name="OBJECTID">250</SimpleData>
			</SchemaData>
		</ExtendedData>
		<Point>
			<coordinates>77.6935046,12.9506327,0</coordinates>
		</Point>
	</Placemark>
	<Placemark>
		<styleUrl>#bbmp_dry_waste_collection_centres_style</styleUrl>
		<ExtendedData>
			<SchemaData schemaUrl="#J_bbmp_dry_waste_collection_centres_SSSIISI">
				<SimpleData name="DWCCName">HAGADUR</SimpleData>
				<SimpleData name="DepartmentCode">324</SimpleData>
				<SimpleData name="KGISCode">29572055428031620000URBMPPUGENDWC0322</SimpleData>
				<SimpleData name="KGISDWCCID">324</SimpleData>
				<SimpleData name="KGISVillageID">21396</SimpleData>
				<SimpleData name="KGISWardID">84</SimpleData>
				<SimpleData name="OBJECTID">251</SimpleData>
			</SchemaData>
		</ExtendedData>
		<Point>
			<coordinates>77.7561619,12.9619405,0</coordinates>
		</Point>
	</Placemark>
	<Placemark>
		<styleUrl>#bbmp_dry_waste_collection_centres_style</styleUrl>
		<ExtendedData>
			<SchemaData schemaUrl="#J_bbmp_dry_waste_collection_centres_SSSIISI">
				<SimpleData name="DWCCName">Kadugodi</SimpleData>
				<SimpleData name="DepartmentCode">325</SimpleData>
				<SimpleData name="KGISCode">29572055428031620000URBMPPUGENDWC0323</SimpleData>
				<SimpleData name="KGISDWCCID">325</SimpleData>
				<SimpleData name="KGISVillageID">21354</SimpleData>
				<SimpleData name="KGISWardID">83</SimpleData>
				<SimpleData name="OBJECTID">252</SimpleData>
			</SchemaData>
		</ExtendedData>
		<Point>
			<coordinates>77.7591374,12.99371,0</coordinates>
		</Point>
	</Placemark>
	<Placemark>
		<styleUrl>#bbmp_dry_waste_collection_centres_style</styleUrl>
		<ExtendedData>
			<SchemaData schemaUrl="#J_bbmp_dry_waste_collection_centres_SSSIISI">
				<SimpleData name="DWCCName"></SimpleData>
				<SimpleData name="DepartmentCode">326</SimpleData>
				<SimpleData name="KGISCode">29572055446131010000URBMPPUGENDWC0001</SimpleData>
				<SimpleData name="KGISDWCCID">326</SimpleData>
				<SimpleData name="KGISVillageID">21307</SimpleData>
				<SimpleData name="KGISWardID"></SimpleData>
				<SimpleData name="OBJECTID">253</SimpleData>
			</SchemaData>
		</ExtendedData>
		<Point>
			<coordinates>77.7314281,13.0298934,0</coordinates>
		</Point>
	</Placemark>
	<Placemark>
		<styleUrl>#bbmp_dry_waste_collection_centres_style</styleUrl>
		<ExtendedData>
			<SchemaData schemaUrl="#J_bbmp_dry_waste_collection_centres_SSSIISI">
				<SimpleData name="DWCCName">Konena Agrahara</SimpleData>
				<SimpleData name="DepartmentCode">327</SimpleData>
				<SimpleData name="KGISCode">29572055428031620000URBMPPUGENDWC0324</SimpleData>
				<SimpleData name="KGISDWCCID">327</SimpleData>
				<SimpleData name="KGISVillageID">21478</SimpleData>
				<SimpleData name="KGISWardID">113</SimpleData>
				<SimpleData name="OBJECTID">254</SimpleData>
			</SchemaData>
		</ExtendedData>
		<Point>
			<coordinates>77.65852219999999,12.9570499,0</coordinates>
		</Point>
	</Placemark>
	<Placemark>
		<styleUrl>#bbmp_dry_waste_collection_centres_style</styleUrl>
		<ExtendedData>
			<SchemaData schemaUrl="#J_bbmp_dry_waste_collection_centres_SSSIISI">
				<SimpleData name="DWCCName">DOMLUR</SimpleData>
				<SimpleData name="DepartmentCode">328</SimpleData>
				<SimpleData name="KGISCode">29572055428031620000URBMPPUGENDWC0325</SimpleData>
				<SimpleData name="KGISDWCCID">328</SimpleData>
				<SimpleData name="KGISVillageID">15093</SimpleData>
				<SimpleData name="KGISWardID">112</SimpleData>
				<SimpleData name="OBJECTID">255</SimpleData>
			</SchemaData>
		</ExtendedData>
		<Point>
			<coordinates>77.637548,12.9595349,0</coordinates>
		</Point>
	</Placemark>
	<Placemark>
		<styleUrl>#bbmp_dry_waste_collection_centres_style</styleUrl>
		<ExtendedData>
			<SchemaData schemaUrl="#J_bbmp_dry_waste_collection_centres_SSSIISI">
				<SimpleData name="DWCCName">AGARAM</SimpleData>
				<SimpleData name="DepartmentCode">329</SimpleData>
				<SimpleData name="KGISCode">29572055428031620000URBMPPUGENDWC0326</SimpleData>
				<SimpleData name="KGISDWCCID">329</SimpleData>
				<SimpleData name="KGISVillageID">30092</SimpleData>
				<SimpleData name="KGISWardID">114</SimpleData>
				<SimpleData name="OBJECTID">256</SimpleData>
			</SchemaData>
		</ExtendedData>
		<Point>
			<coordinates>77.63332339999999,12.954277,0</coordinates>
		</Point>
	</Placemark>
	<Placemark>
		<styleUrl>#bbmp_dry_waste_collection_centres_style</styleUrl>
		<ExtendedData>
			<SchemaData schemaUrl="#J_bbmp_dry_waste_collection_centres_SSSIISI">
				<SimpleData name="DWCCName">MARAPANNAPALYA</SimpleData>
				<SimpleData name="DepartmentCode">33</SimpleData>
				<SimpleData name="KGISCode">29572055428031620000URBMPPUGENDWC0033</SimpleData>
				<SimpleData name="KGISDWCCID">33</SimpleData>
				<SimpleData name="KGISVillageID">15480</SimpleData>
				<SimpleData name="KGISWardID">44</SimpleData>
				<SimpleData name="OBJECTID">257</SimpleData>
			</SchemaData>
		</ExtendedData>
		<Point>
			<coordinates>77.550344,13.01559,0</coordinates>
		</Point>
	</Placemark>
	<Placemark>
		<styleUrl>#bbmp_dry_waste_collection_centres_style</styleUrl>
		<ExtendedData>
			<SchemaData schemaUrl="#J_bbmp_dry_waste_collection_centres_SSSIISI">
				<SimpleData name="DWCCName">SHANTHALANAGAR</SimpleData>
				<SimpleData name="DepartmentCode">330</SimpleData>
				<SimpleData name="KGISCode">29572055428031620000URBMPPUGENDWC0327</SimpleData>
				<SimpleData name="KGISDWCCID">330</SimpleData>
				<SimpleData name="KGISVillageID">15135</SimpleData>
				<SimpleData name="KGISWardID">111</SimpleData>
				<SimpleData name="OBJECTID">258</SimpleData>
			</SchemaData>
		</ExtendedData>
		<Point>
			<coordinates>77.61364089999999,12.9621993,0</coordinates>
		</Point>
	</Placemark>
	<Placemark>
		<styleUrl>#bbmp_dry_waste_collection_centres_style</styleUrl>
		<ExtendedData>
			<SchemaData schemaUrl="#J_bbmp_dry_waste_collection_centres_SSSIISI">
				<SimpleData name="DWCCName">NEELASANDRA</SimpleData>
				<SimpleData name="DepartmentCode">331</SimpleData>
				<SimpleData name="KGISCode">29572055428031620000URBMPPUGENDWC0328</SimpleData>
				<SimpleData name="KGISDWCCID">331</SimpleData>
				<SimpleData name="KGISVillageID">15149</SimpleData>
				<SimpleData name="KGISWardID">116</SimpleData>
				<SimpleData name="OBJECTID">259</SimpleData>
			</SchemaData>
		</ExtendedData>
		<Point>
			<coordinates>77.6136767,12.9508402,0</coordinates>
		</Point>
	</Placemark>
	<Placemark>
		<styleUrl>#bbmp_dry_waste_collection_centres_style</styleUrl>
		<ExtendedData>
			<SchemaData schemaUrl="#J_bbmp_dry_waste_collection_centres_SSSIISI">
				<SimpleData name="DWCCName">VANNIGARAPET</SimpleData>
				<SimpleData name="DepartmentCode">332</SimpleData>
				<SimpleData name="KGISCode">29572055428031620000URBMPPUGENDWC0329</SimpleData>
				<SimpleData name="KGISDWCCID">332</SimpleData>
				<SimpleData name="KGISVillageID">15117</SimpleData>
				<SimpleData name="KGISWardID">115</SimpleData>
				<SimpleData name="OBJECTID">260</SimpleData>
			</SchemaData>
		</ExtendedData>
		<Point>
			<coordinates>77.6192652,12.9536616,0</coordinates>
		</Point>
	</Placemark>
	<Placemark>
		<styleUrl>#bbmp_dry_waste_collection_centres_style</styleUrl>
		<ExtendedData>
			<SchemaData schemaUrl="#J_bbmp_dry_waste_collection_centres_SSSIISI">
				<SimpleData name="DWCCName">Adugodi</SimpleData>
				<SimpleData name="DepartmentCode">333</SimpleData>
				<SimpleData name="KGISCode">29572055428031620000URBMPPUGENDWC0330</SimpleData>
				<SimpleData name="KGISDWCCID">333</SimpleData>
				<SimpleData name="KGISVillageID">15530</SimpleData>
				<SimpleData name="KGISWardID">147</SimpleData>
				<SimpleData name="OBJECTID">261</SimpleData>
			</SchemaData>
		</ExtendedData>
		<Point>
			<coordinates>77.6171899,12.9471701,0</coordinates>
		</Point>
	</Placemark>
	<Placemark>
		<styleUrl>#bbmp_dry_waste_collection_centres_style</styleUrl>
		<ExtendedData>
			<SchemaData schemaUrl="#J_bbmp_dry_waste_collection_centres_SSSIISI">
				<SimpleData name="DWCCName">EJIPURA</SimpleData>
				<SimpleData name="DepartmentCode">334</SimpleData>
				<SimpleData name="KGISCode">29572055428031620000URBMPPUGENDWC0331</SimpleData>
				<SimpleData name="KGISDWCCID">334</SimpleData>
				<SimpleData name="KGISVillageID">15516</SimpleData>
				<SimpleData name="KGISWardID">148</SimpleData>
				<SimpleData name="OBJECTID">262</SimpleData>
			</SchemaData>
		</ExtendedData>
		<Point>
			<coordinates>77.6270411,12.9441934,0</coordinates>
		</Point>
	</Placemark>
	<Placemark>
		<styleUrl>#bbmp_dry_waste_collection_centres_style</styleUrl>
		<ExtendedData>
			<SchemaData schemaUrl="#J_bbmp_dry_waste_collection_centres_SSSIISI">
				<SimpleData name="DWCCName">Halsoor</SimpleData>
				<SimpleData name="DepartmentCode">335</SimpleData>
				<SimpleData name="KGISCode">29572055428031620000URBMPPUGENDWC0332</SimpleData>
				<SimpleData name="KGISDWCCID">335</SimpleData>
				<SimpleData name="KGISVillageID">30092</SimpleData>
				<SimpleData name="KGISWardID">90</SimpleData>
				<SimpleData name="OBJECTID">263</SimpleData>
			</SchemaData>
		</ExtendedData>
		<Point>
			<coordinates>77.6187213,12.9754758,0</coordinates>
		</Point>
	</Placemark>
	<Placemark>
		<styleUrl>#bbmp_dry_waste_collection_centres_style</styleUrl>
		<ExtendedData>
			<SchemaData schemaUrl="#J_bbmp_dry_waste_collection_centres_SSSIISI">
				<SimpleData name="DWCCName">Jogupalya</SimpleData>
				<SimpleData name="DepartmentCode">336</SimpleData>
				<SimpleData name="KGISCode">29572055428031620000URBMPPUGENDWC0333</SimpleData>
				<SimpleData name="KGISDWCCID">336</SimpleData>
				<SimpleData name="KGISVillageID">15072</SimpleData>
				<SimpleData name="KGISWardID">89</SimpleData>
				<SimpleData name="OBJECTID">264</SimpleData>
			</SchemaData>
		</ExtendedData>
		<Point>
			<coordinates>77.6290319,12.9720399,0</coordinates>
		</Point>
	</Placemark>
	<Placemark>
		<styleUrl>#bbmp_dry_waste_collection_centres_style</styleUrl>
		<ExtendedData>
			<SchemaData schemaUrl="#J_bbmp_dry_waste_collection_centres_SSSIISI">
				<SimpleData name="DWCCName">MALLESHWARAM</SimpleData>
				<SimpleData name="DepartmentCode">34</SimpleData>
				<SimpleData name="KGISCode">29572055428031620000URBMPPUGENDWC0034</SimpleData>
				<SimpleData name="KGISDWCCID">34</SimpleData>
				<SimpleData name="KGISVillageID">15480</SimpleData>
				<SimpleData name="KGISWardID">45</SimpleData>
				<SimpleData name="OBJECTID">265</SimpleData>
			</SchemaData>
		</ExtendedData>
		<Point>
			<coordinates>77.55548400000001,13.01577,0</coordinates>
		</Point>
	</Placemark>
	<Placemark>
		<styleUrl>#bbmp_dry_waste_collection_centres_style</styleUrl>
		<ExtendedData>
			<SchemaData schemaUrl="#J_bbmp_dry_waste_collection_centres_SSSIISI">
				<SimpleData name="DWCCName">DEVARA JEEVANA HALLI</SimpleData>
				<SimpleData name="DepartmentCode">35</SimpleData>
				<SimpleData name="KGISCode">29572055428031620000URBMPPUGENDWC0035</SimpleData>
				<SimpleData name="KGISDWCCID">35</SimpleData>
				<SimpleData name="KGISVillageID">15088</SimpleData>
				<SimpleData name="KGISWardID">47</SimpleData>
				<SimpleData name="OBJECTID">266</SimpleData>
			</SchemaData>
		</ExtendedData>
		<Point>
			<coordinates>77.60279800000001,13.01371,0</coordinates>
		</Point>
	</Placemark>
	<Placemark>
		<styleUrl>#bbmp_dry_waste_collection_centres_style</styleUrl>
		<ExtendedData>
			<SchemaData schemaUrl="#J_bbmp_dry_waste_collection_centres_SSSIISI">
				<SimpleData name="DWCCName">MUNESHWARANAGAR</SimpleData>
				<SimpleData name="DepartmentCode">36</SimpleData>
				<SimpleData name="KGISCode">29572055428031620000URBMPPUGENDWC0036</SimpleData>
				<SimpleData name="KGISDWCCID">36</SimpleData>
				<SimpleData name="KGISVillageID">15125</SimpleData>
				<SimpleData name="KGISWardID">48</SimpleData>
				<SimpleData name="OBJECTID">267</SimpleData>
			</SchemaData>
		</ExtendedData>
		<Point>
			<coordinates>77.61618900000001,13.02785,0</coordinates>
		</Point>
	</Placemark>
	<Placemark>
		<styleUrl>#bbmp_dry_waste_collection_centres_style</styleUrl>
		<ExtendedData>
			<SchemaData schemaUrl="#J_bbmp_dry_waste_collection_centres_SSSIISI">
				<SimpleData name="DWCCName">BENNIGANAHALLI</SimpleData>
				<SimpleData name="DepartmentCode">37</SimpleData>
				<SimpleData name="KGISCode">29572055428031620000URBMPPUGENDWC0037</SimpleData>
				<SimpleData name="KGISDWCCID">37</SimpleData>
				<SimpleData name="KGISVillageID">21387</SimpleData>
				<SimpleData name="KGISWardID">50</SimpleData>
				<SimpleData name="OBJECTID">268</SimpleData>
			</SchemaData>
		</ExtendedData>
		<Point>
			<coordinates>77.662536,12.99996,0</coordinates>
		</Point>
	</Placemark>
	<Placemark>
		<styleUrl>#bbmp_dry_waste_collection_centres_style</styleUrl>
		<ExtendedData>
			<SchemaData schemaUrl="#J_bbmp_dry_waste_collection_centres_SSSIISI">
				<SimpleData name="DWCCName">K R PURAM</SimpleData>
				<SimpleData name="DepartmentCode">38</SimpleData>
				<SimpleData name="KGISCode">29572055428031620000URBMPPUGENDWC0038</SimpleData>
				<SimpleData name="KGISDWCCID">38</SimpleData>
				<SimpleData name="KGISVillageID">21420</SimpleData>
				<SimpleData name="KGISWardID">52</SimpleData>
				<SimpleData name="OBJECTID">269</SimpleData>
			</SchemaData>
		</ExtendedData>
		<Point>
			<coordinates>77.695358,13.0074,0</coordinates>
		</Point>
	</Placemark>
	<Placemark>
		<styleUrl>#bbmp_dry_waste_collection_centres_style</styleUrl>
		<ExtendedData>
			<SchemaData schemaUrl="#J_bbmp_dry_waste_collection_centres_SSSIISI">
				<SimpleData name="DWCCName">BASAVANAPURA</SimpleData>
				<SimpleData name="DepartmentCode">39</SimpleData>
				<SimpleData name="KGISCode">29572055428031620000URBMPPUGENDWC0039</SimpleData>
				<SimpleData name="KGISDWCCID">39</SimpleData>
				<SimpleData name="KGISVillageID">21420</SimpleData>
				<SimpleData name="KGISWardID">53</SimpleData>
				<SimpleData name="OBJECTID">270</SimpleData>
			</SchemaData>
		</ExtendedData>
		<Point>
			<coordinates>77.695318,13.00739,0</coordinates>
		</Point>
	</Placemark>
	<Placemark>
		<styleUrl>#bbmp_dry_waste_collection_centres_style</styleUrl>
		<ExtendedData>
			<SchemaData schemaUrl="#J_bbmp_dry_waste_collection_centres_SSSIISI">
				<SimpleData name="DWCCName">YELAHANKA SATELLITE TOWN</SimpleData>
				<SimpleData name="DepartmentCode">4</SimpleData>
				<SimpleData name="KGISCode">29572055428031620000URBMPPUGENDWC0004</SimpleData>
				<SimpleData name="KGISDWCCID">4</SimpleData>
				<SimpleData name="KGISVillageID">15373</SimpleData>
				<SimpleData name="KGISWardID">4</SimpleData>
				<SimpleData name="OBJECTID">271</SimpleData>
			</SchemaData>
		</ExtendedData>
		<Point>
			<coordinates>77.589344,13.08916,0</coordinates>
		</Point>
	</Placemark>
	<Placemark>
		<styleUrl>#bbmp_dry_waste_collection_centres_style</styleUrl>
		<ExtendedData>
			<SchemaData schemaUrl="#J_bbmp_dry_waste_collection_centres_SSSIISI">
				<SimpleData name="DWCCName">DEVASANDRA</SimpleData>
				<SimpleData name="DepartmentCode">40</SimpleData>
				<SimpleData name="KGISCode">29572055428031620000URBMPPUGENDWC0040</SimpleData>
				<SimpleData name="KGISDWCCID">40</SimpleData>
				<SimpleData name="KGISVillageID">21420</SimpleData>
				<SimpleData name="KGISWardID">55</SimpleData>
				<SimpleData name="OBJECTID">272</SimpleData>
			</SchemaData>
		</ExtendedData>
		<Point>
			<coordinates>77.69530399999999,13.00731,0</coordinates>
		</Point>
	</Placemark>
	<Placemark>
		<styleUrl>#bbmp_dry_waste_collection_centres_style</styleUrl>
		<ExtendedData>
			<SchemaData schemaUrl="#J_bbmp_dry_waste_collection_centres_SSSIISI">
				<SimpleData name="DWCCName">A NARAYANAPURA</SimpleData>
				<SimpleData name="DepartmentCode">41</SimpleData>
				<SimpleData name="KGISCode">29572055428031620000URBMPPUGENDWC0041</SimpleData>
				<SimpleData name="KGISDWCCID">41</SimpleData>
				<SimpleData name="KGISVillageID">21385</SimpleData>
				<SimpleData name="KGISWardID">56</SimpleData>
				<SimpleData name="OBJECTID">273</SimpleData>
			</SchemaData>
		</ExtendedData>
		<Point>
			<coordinates>77.67612099999999,12.99535,0</coordinates>
		</Point>
	</Placemark>
	<Placemark>
		<styleUrl>#bbmp_dry_waste_collection_centres_style</styleUrl>
		<ExtendedData>
			<SchemaData schemaUrl="#J_bbmp_dry_waste_collection_centres_SSSIISI">
				<SimpleData name="DWCCName">CV RAMANNAGAR</SimpleData>
				<SimpleData name="DepartmentCode">42</SimpleData>
				<SimpleData name="KGISCode">29572055428031620000URBMPPUGENDWC0042</SimpleData>
				<SimpleData name="KGISDWCCID">42</SimpleData>
				<SimpleData name="KGISVillageID">21415</SimpleData>
				<SimpleData name="KGISWardID">57</SimpleData>
				<SimpleData name="OBJECTID">274</SimpleData>
			</SchemaData>
		</ExtendedData>
		<Point>
			<coordinates>77.67285699999999,12.97678,0</coordinates>
		</Point>
	</Placemark>
	<Placemark>
		<styleUrl>#bbmp_dry_waste_collection_centres_style</styleUrl>
		<ExtendedData>
			<SchemaData schemaUrl="#J_bbmp_dry_waste_collection_centres_SSSIISI">
				<SimpleData name="DWCCName">NEW TIPPASANDRA</SimpleData>
				<SimpleData name="DepartmentCode">43</SimpleData>
				<SimpleData name="KGISCode">29572055428031620000URBMPPUGENDWC0043</SimpleData>
				<SimpleData name="KGISDWCCID">43</SimpleData>
				<SimpleData name="KGISVillageID">21477</SimpleData>
				<SimpleData name="KGISWardID">58</SimpleData>
				<SimpleData name="OBJECTID">275</SimpleData>
			</SchemaData>
		</ExtendedData>
		<Point>
			<coordinates>77.65865700000001,12.96736,0</coordinates>
		</Point>
	</Placemark>
	<Placemark>
		<styleUrl>#bbmp_dry_waste_collection_centres_style</styleUrl>
		<ExtendedData>
			<SchemaData schemaUrl="#J_bbmp_dry_waste_collection_centres_SSSIISI">
				<SimpleData name="DWCCName">SAGAYA PURAM</SimpleData>
				<SimpleData name="DepartmentCode">44</SimpleData>
				<SimpleData name="KGISCode">29572055428031620000URBMPPUGENDWC0044</SimpleData>
				<SimpleData name="KGISDWCCID">44</SimpleData>
				<SimpleData name="KGISVillageID">15126</SimpleData>
				<SimpleData name="KGISWardID">60</SimpleData>
				<SimpleData name="OBJECTID">276</SimpleData>
			</SchemaData>
		</ExtendedData>
		<Point>
			<coordinates>77.631889,13.00651,0</coordinates>
		</Point>
	</Placemark>
	<Placemark>
		<styleUrl>#bbmp_dry_waste_collection_centres_style</styleUrl>
		<ExtendedData>
			<SchemaData schemaUrl="#J_bbmp_dry_waste_collection_centres_SSSIISI">
				<SimpleData name="DWCCName">SK GARDEN</SimpleData>
				<SimpleData name="DepartmentCode">45</SimpleData>
				<SimpleData name="KGISCode">29572055428031620000URBMPPUGENDWC0045</SimpleData>
				<SimpleData name="KGISDWCCID">45</SimpleData>
				<SimpleData name="KGISVillageID">15082</SimpleData>
				<SimpleData name="KGISWardID">61</SimpleData>
				<SimpleData name="OBJECTID">277</SimpleData>
			</SchemaData>
		</ExtendedData>
		<Point>
			<coordinates>77.610533,13.00114,0</coordinates>
		</Point>
	</Placemark>
	<Placemark>
		<styleUrl>#bbmp_dry_waste_collection_centres_style</styleUrl>
		<ExtendedData>
			<SchemaData schemaUrl="#J_bbmp_dry_waste_collection_centres_SSSIISI">
				<SimpleData name="DWCCName">M RAMASWAMY PALYA</SimpleData>
				<SimpleData name="DepartmentCode">46</SimpleData>
				<SimpleData name="KGISCode">29572055428031620000URBMPPUGENDWC0046</SimpleData>
				<SimpleData name="KGISDWCCID">46</SimpleData>
				<SimpleData name="KGISVillageID">15121</SimpleData>
				<SimpleData name="KGISWardID">62</SimpleData>
				<SimpleData name="OBJECTID">278</SimpleData>
			</SchemaData>
		</ExtendedData>
		<Point>
			<coordinates>77.60145300000001,13.00162,0</coordinates>
		</Point>
	</Placemark>
	<Placemark>
		<styleUrl>#bbmp_dry_waste_collection_centres_style</styleUrl>
		<ExtendedData>
			<SchemaData schemaUrl="#J_bbmp_dry_waste_collection_centres_SSSIISI">
				<SimpleData name="DWCCName">RAJAMAHAL GUTTAHALLI</SimpleData>
				<SimpleData name="DepartmentCode">47</SimpleData>
				<SimpleData name="KGISCode">29572055428031620000URBMPPUGENDWC0047</SimpleData>
				<SimpleData name="KGISDWCCID">47</SimpleData>
				<SimpleData name="KGISVillageID">30090</SimpleData>
				<SimpleData name="KGISWardID">64</SimpleData>
				<SimpleData name="OBJECTID">279</SimpleData>
			</SchemaData>
		</ExtendedData>
		<Point>
			<coordinates>77.574108,12.99925,0</coordinates>
		</Point>
	</Placemark>
	<Placemark>
		<styleUrl>#bbmp_dry_waste_collection_centres_style</styleUrl>
		<ExtendedData>
			<SchemaData schemaUrl="#J_bbmp_dry_waste_collection_centres_SSSIISI">
				<SimpleData name="DWCCName">KADUMALLESHWARA</SimpleData>
				<SimpleData name="DepartmentCode">48</SimpleData>
				<SimpleData name="KGISCode">29572055428031620000URBMPPUGENDWC0048</SimpleData>
				<SimpleData name="KGISDWCCID">48</SimpleData>
				<SimpleData name="KGISVillageID">15166</SimpleData>
				<SimpleData name="KGISWardID">65</SimpleData>
				<SimpleData name="OBJECTID">280</SimpleData>
			</SchemaData>
		</ExtendedData>
		<Point>
			<coordinates>77.57431800000001,13.00721,0</coordinates>
		</Point>
	</Placemark>
	<Placemark>
		<styleUrl>#bbmp_dry_waste_collection_centres_style</styleUrl>
		<ExtendedData>
			<SchemaData schemaUrl="#J_bbmp_dry_waste_collection_centres_SSSIISI">
				<SimpleData name="DWCCName">NAGAPURA</SimpleData>
				<SimpleData name="DepartmentCode">49</SimpleData>
				<SimpleData name="KGISCode">29572055428031620000URBMPPUGENDWC0049</SimpleData>
				<SimpleData name="KGISDWCCID">49</SimpleData>
				<SimpleData name="KGISVillageID">15481</SimpleData>
				<SimpleData name="KGISWardID">67</SimpleData>
				<SimpleData name="OBJECTID">281</SimpleData>
			</SchemaData>
		</ExtendedData>
		<Point>
			<coordinates>77.54288,13.003727,0</coordinates>
		</Point>
	</Placemark>
	<Placemark>
		<styleUrl>#bbmp_dry_waste_collection_centres_style</styleUrl>
		<ExtendedData>
			<SchemaData schemaUrl="#J_bbmp_dry_waste_collection_centres_SSSIISI">
				<SimpleData name="DWCCName">JAKKUR</SimpleData>
				<SimpleData name="DepartmentCode">5</SimpleData>
				<SimpleData name="KGISCode">29572055428031620000URBMPPUGENDWC0005</SimpleData>
				<SimpleData name="KGISDWCCID">5</SimpleData>
				<SimpleData name="KGISVillageID">15347</SimpleData>
				<SimpleData name="KGISWardID">5</SimpleData>
				<SimpleData name="OBJECTID">282</SimpleData>
			</SchemaData>
		</ExtendedData>
		<Point>
			<coordinates>77.616378,13.11799,0</coordinates>
		</Point>
	</Placemark>
	<Placemark>
		<styleUrl>#bbmp_dry_waste_collection_centres_style</styleUrl>
		<ExtendedData>
			<SchemaData schemaUrl="#J_bbmp_dry_waste_collection_centres_SSSIISI">
				<SimpleData name="DWCCName">RAJAGOPALANAGARA</SimpleData>
				<SimpleData name="DepartmentCode">50</SimpleData>
				<SimpleData name="KGISCode">29572055428031620000URBMPPUGENDWC0050</SimpleData>
				<SimpleData name="KGISDWCCID">50</SimpleData>
				<SimpleData name="KGISVillageID">15498</SimpleData>
				<SimpleData name="KGISWardID">70</SimpleData>
				<SimpleData name="OBJECTID">283</SimpleData>
			</SchemaData>
		</ExtendedData>
		<Point>
			<coordinates>77.51532400000001,12.9995,0</coordinates>
		</Point>
	</Placemark>
	<Placemark>
		<styleUrl>#bbmp_dry_waste_collection_centres_style</styleUrl>
		<ExtendedData>
			<SchemaData schemaUrl="#J_bbmp_dry_waste_collection_centres_SSSIISI">
				<SimpleData name="DWCCName">HEGGANAHALLI</SimpleData>
				<SimpleData name="DepartmentCode">51</SimpleData>
				<SimpleData name="KGISCode">29572055428031620000URBMPPUGENDWC0051</SimpleData>
				<SimpleData name="KGISDWCCID">51</SimpleData>
				<SimpleData name="KGISVillageID">15472</SimpleData>
				<SimpleData name="KGISWardID">71</SimpleData>
				<SimpleData name="OBJECTID">284</SimpleData>
			</SchemaData>
		</ExtendedData>
		<Point>
			<coordinates>77.503097,13.00588,0</coordinates>
		</Point>
	</Placemark>
	<Placemark>
		<styleUrl>#bbmp_dry_waste_collection_centres_style</styleUrl>
		<ExtendedData>
			<SchemaData schemaUrl="#J_bbmp_dry_waste_collection_centres_SSSIISI">
				<SimpleData name="DWCCName">HEROHALLI</SimpleData>
				<SimpleData name="DepartmentCode">52</SimpleData>
				<SimpleData name="KGISCode">29572055428031620000URBMPPUGENDWC0052</SimpleData>
				<SimpleData name="KGISDWCCID">52</SimpleData>
				<SimpleData name="KGISVillageID">15456</SimpleData>
				<SimpleData name="KGISWardID">72</SimpleData>
				<SimpleData name="OBJECTID">285</SimpleData>
			</SchemaData>
		</ExtendedData>
		<Point>
			<coordinates>77.486795,12.96389,0</coordinates>
		</Point>
	</Placemark>
	<Placemark>
		<styleUrl>#bbmp_dry_waste_collection_centres_style</styleUrl>
		<ExtendedData>
			<SchemaData schemaUrl="#J_bbmp_dry_waste_collection_centres_SSSIISI">
				<SimpleData name="DWCCName">SHAKTHI GANAPATHI NAGAR</SimpleData>
				<SimpleData name="DepartmentCode">53</SimpleData>
				<SimpleData name="KGISCode">29572055428031620000URBMPPUGENDWC0053</SimpleData>
				<SimpleData name="KGISDWCCID">53</SimpleData>
				<SimpleData name="KGISVillageID">15494</SimpleData>
				<SimpleData name="KGISWardID">74</SimpleData>
				<SimpleData name="OBJECTID">286</SimpleData>
			</SchemaData>
		</ExtendedData>
		<Point>
			<coordinates>77.525576,12.99485,0</coordinates>
		</Point>
	</Placemark>
	<Placemark>
		<styleUrl>#bbmp_dry_waste_collection_centres_style</styleUrl>
		<ExtendedData>
			<SchemaData schemaUrl="#J_bbmp_dry_waste_collection_centres_SSSIISI">
				<SimpleData name="DWCCName">SHANKAR MATT</SimpleData>
				<SimpleData name="DepartmentCode">54</SimpleData>
				<SimpleData name="KGISCode">29572055428031620000URBMPPUGENDWC0054</SimpleData>
				<SimpleData name="KGISDWCCID">54</SimpleData>
				<SimpleData name="KGISVillageID">15494</SimpleData>
				<SimpleData name="KGISWardID">75</SimpleData>
				<SimpleData name="OBJECTID">287</SimpleData>
			</SchemaData>
		</ExtendedData>
		<Point>
			<coordinates>77.528548,12.99883,0</coordinates>
		</Point>
	</Placemark>
	<Placemark>
		<styleUrl>#bbmp_dry_waste_collection_centres_style</styleUrl>
		<ExtendedData>
			<SchemaData schemaUrl="#J_bbmp_dry_waste_collection_centres_SSSIISI">
				<SimpleData name="DWCCName">GAYITHRINAGAR</SimpleData>
				<SimpleData name="DepartmentCode">55</SimpleData>
				<SimpleData name="KGISCode">29572055428031620000URBMPPUGENDWC0055</SimpleData>
				<SimpleData name="KGISDWCCID">55</SimpleData>
				<SimpleData name="KGISVillageID">15481</SimpleData>
				<SimpleData name="KGISWardID">76</SimpleData>
				<SimpleData name="OBJECTID">288</SimpleData>
			</SchemaData>
		</ExtendedData>
		<Point>
			<coordinates>77.560711,12.99639,0</coordinates>
		</Point>
	</Placemark>
	<Placemark>
		<styleUrl>#bbmp_dry_waste_collection_centres_style</styleUrl>
		<ExtendedData>
			<SchemaData schemaUrl="#J_bbmp_dry_waste_collection_centres_SSSIISI">
				<SimpleData name="DWCCName">DATTATREYA TEMPLE </SimpleData>
				<SimpleData name="DepartmentCode">56</SimpleData>
				<SimpleData name="KGISCode">29572055428031620000URBMPPUGENDWC0056</SimpleData>
				<SimpleData name="KGISDWCCID">56</SimpleData>
				<SimpleData name="KGISVillageID">30090</SimpleData>
				<SimpleData name="KGISWardID">77</SimpleData>
				<SimpleData name="OBJECTID">289</SimpleData>
			</SchemaData>
		</ExtendedData>
		<Point>
			<coordinates>77.571786,13.00237,0</coordinates>
		</Point>
	</Placemark>
	<Placemark>
		<styleUrl>#bbmp_dry_waste_collection_centres_style</styleUrl>
		<ExtendedData>
			<SchemaData schemaUrl="#J_bbmp_dry_waste_collection_centres_SSSIISI">
				<SimpleData name="DWCCName">PULAKESHINAGAR</SimpleData>
				<SimpleData name="DepartmentCode">57</SimpleData>
				<SimpleData name="KGISCode">29572055428031620000URBMPPUGENDWC0057</SimpleData>
				<SimpleData name="KGISDWCCID">57</SimpleData>
				<SimpleData name="KGISVillageID">30092</SimpleData>
				<SimpleData name="KGISWardID">78</SimpleData>
				<SimpleData name="OBJECTID">290</SimpleData>
			</SchemaData>
		</ExtendedData>
		<Point>
			<coordinates>77.619658,12.98892,0</coordinates>
		</Point>
	</Placemark>
	<Placemark>
		<styleUrl>#bbmp_dry_waste_collection_centres_style</styleUrl>
		<ExtendedData>
			<SchemaData schemaUrl="#J_bbmp_dry_waste_collection_centres_SSSIISI">
				<SimpleData name="DWCCName">SARVAGNANAGAR</SimpleData>
				<SimpleData name="DepartmentCode">58</SimpleData>
				<SimpleData name="KGISCode">29572055428031620000URBMPPUGENDWC0058</SimpleData>
				<SimpleData name="KGISDWCCID">58</SimpleData>
				<SimpleData name="KGISVillageID">30092</SimpleData>
				<SimpleData name="KGISWardID">79</SimpleData>
				<SimpleData name="OBJECTID">291</SimpleData>
			</SchemaData>
		</ExtendedData>
		<Point>
			<coordinates>77.614996,12.9931,0</coordinates>
		</Point>
	</Placemark>
	<Placemark>
		<styleUrl>#bbmp_dry_waste_collection_centres_style</styleUrl>
		<ExtendedData>
			<SchemaData schemaUrl="#J_bbmp_dry_waste_collection_centres_SSSIISI">
				<SimpleData name="DWCCName">HOYSALANAGAR</SimpleData>
				<SimpleData name="DepartmentCode">59</SimpleData>
				<SimpleData name="KGISCode">29572055428031620000URBMPPUGENDWC0059</SimpleData>
				<SimpleData name="KGISDWCCID">59</SimpleData>
				<SimpleData name="KGISVillageID">21413</SimpleData>
				<SimpleData name="KGISWardID">80</SimpleData>
				<SimpleData name="OBJECTID">292</SimpleData>
			</SchemaData>
		</ExtendedData>
		<Point>
			<coordinates>77.64448400000001,12.9752,0</coordinates>
		</Point>
	</Placemark>
	<Placemark>
		<styleUrl>#bbmp_dry_waste_collection_centres_style</styleUrl>
		<ExtendedData>
			<SchemaData schemaUrl="#J_bbmp_dry_waste_collection_centres_SSSIISI">
				<SimpleData name="DWCCName">THANISANDRA</SimpleData>
				<SimpleData name="DepartmentCode">6</SimpleData>
				<SimpleData name="KGISCode">29572055428031620000URBMPPUGENDWC0006</SimpleData>
				<SimpleData name="KGISDWCCID">6</SimpleData>
				<SimpleData name="KGISVillageID">21431</SimpleData>
				<SimpleData name="KGISWardID">6</SimpleData>
				<SimpleData name="OBJECTID">293</SimpleData>
			</SchemaData>
		</ExtendedData>
		<Point>
			<coordinates>77.631953,13.06906,0</coordinates>
		</Point>
	</Placemark>
	<Placemark>
		<styleUrl>#bbmp_dry_waste_collection_centres_style</styleUrl>
		<ExtendedData>
			<SchemaData schemaUrl="#J_bbmp_dry_waste_collection_centres_SSSIISI">
				<SimpleData name="DWCCName">GARUDACHARPALYA</SimpleData>
				<SimpleData name="DepartmentCode">60</SimpleData>
				<SimpleData name="KGISCode">29572055428031620000URBMPPUGENDWC0060</SimpleData>
				<SimpleData name="KGISDWCCID">60</SimpleData>
				<SimpleData name="KGISVillageID">21410</SimpleData>
				<SimpleData name="KGISWardID">82</SimpleData>
				<SimpleData name="OBJECTID">294</SimpleData>
			</SchemaData>
		</ExtendedData>
		<Point>
			<coordinates>77.69588899999999,12.99473,0</coordinates>
		</Point>
	</Placemark>
	<Placemark>
		<styleUrl>#bbmp_dry_waste_collection_centres_style</styleUrl>
		<ExtendedData>
			<SchemaData schemaUrl="#J_bbmp_dry_waste_collection_centres_SSSIISI">
				<SimpleData name="DWCCName">HAGADUR</SimpleData>
				<SimpleData name="DepartmentCode">61</SimpleData>
				<SimpleData name="KGISCode">29572055428031620000URBMPPUGENDWC0061</SimpleData>
				<SimpleData name="KGISDWCCID">61</SimpleData>
				<SimpleData name="KGISVillageID">21423</SimpleData>
				<SimpleData name="KGISWardID">84</SimpleData>
				<SimpleData name="OBJECTID">295</SimpleData>
			</SchemaData>
		</ExtendedData>
		<Point>
			<coordinates>77.761751,12.97467,0</coordinates>
		</Point>
	</Placemark>
	<Placemark>
		<styleUrl>#bbmp_dry_waste_collection_centres_style</styleUrl>
		<ExtendedData>
			<SchemaData schemaUrl="#J_bbmp_dry_waste_collection_centres_SSSIISI">
				<SimpleData name="DWCCName">JEEVANBHIMANAGAR</SimpleData>
				<SimpleData name="DepartmentCode">62</SimpleData>
				<SimpleData name="KGISCode">29572055428031620000URBMPPUGENDWC0062</SimpleData>
				<SimpleData name="KGISDWCCID">62</SimpleData>
				<SimpleData name="KGISVillageID">21477</SimpleData>
				<SimpleData name="KGISWardID">88</SimpleData>
				<SimpleData name="OBJECTID">296</SimpleData>
			</SchemaData>
		</ExtendedData>
		<Point>
			<coordinates>77.643148,12.9607,0</coordinates>
		</Point>
	</Placemark>
	<Placemark>
		<styleUrl>#bbmp_dry_waste_collection_centres_style</styleUrl>
		<ExtendedData>
			<SchemaData schemaUrl="#J_bbmp_dry_waste_collection_centres_SSSIISI">
				<SimpleData name="DWCCName">JOGUPALAYA</SimpleData>
				<SimpleData name="DepartmentCode">63</SimpleData>
				<SimpleData name="KGISCode">29572055428031620000URBMPPUGENDWC0063</SimpleData>
				<SimpleData name="KGISDWCCID">63</SimpleData>
				<SimpleData name="KGISVillageID">15072</SimpleData>
				<SimpleData name="KGISWardID">89</SimpleData>
				<SimpleData name="OBJECTID">297</SimpleData>
			</SchemaData>
		</ExtendedData>
		<Point>
			<coordinates>77.631229,12.97146,0</coordinates>
		</Point>
	</Placemark>
	<Placemark>
		<styleUrl>#bbmp_dry_waste_collection_centres_style</styleUrl>
		<ExtendedData>
			<SchemaData schemaUrl="#J_bbmp_dry_waste_collection_centres_SSSIISI">
				<SimpleData name="DWCCName">HALASUR</SimpleData>
				<SimpleData name="DepartmentCode">64</SimpleData>
				<SimpleData name="KGISCode">29572055428031620000URBMPPUGENDWC0064</SimpleData>
				<SimpleData name="KGISDWCCID">64</SimpleData>
				<SimpleData name="KGISVillageID">30092</SimpleData>
				<SimpleData name="KGISWardID">90</SimpleData>
				<SimpleData name="OBJECTID">298</SimpleData>
			</SchemaData>
		</ExtendedData>
		<Point>
			<coordinates>77.61975,12.97666,0</coordinates>
		</Point>
	</Placemark>
	<Placemark>
		<styleUrl>#bbmp_dry_waste_collection_centres_style</styleUrl>
		<ExtendedData>
			<SchemaData schemaUrl="#J_bbmp_dry_waste_collection_centres_SSSIISI">
				<SimpleData name="DWCCName">VASANTHNAGAR</SimpleData>
				<SimpleData name="DepartmentCode">65</SimpleData>
				<SimpleData name="KGISCode">29572055428031620000URBMPPUGENDWC0065</SimpleData>
				<SimpleData name="KGISDWCCID">65</SimpleData>
				<SimpleData name="KGISVillageID">30092</SimpleData>
				<SimpleData name="KGISWardID">93</SimpleData>
				<SimpleData name="OBJECTID">299</SimpleData>
			</SchemaData>
		</ExtendedData>
		<Point>
			<coordinates>77.57974900000001,12.988,0</coordinates>
		</Point>
	</Placemark>
	<Placemark>
		<styleUrl>#bbmp_dry_waste_collection_centres_style</styleUrl>
		<ExtendedData>
			<SchemaData schemaUrl="#J_bbmp_dry_waste_collection_centres_SSSIISI">
				<SimpleData name="DWCCName">GANDHINAGAR</SimpleData>
				<SimpleData name="DepartmentCode">66</SimpleData>
				<SimpleData name="KGISCode">29572055428031620000URBMPPUGENDWC0066</SimpleData>
				<SimpleData name="KGISDWCCID">66</SimpleData>
				<SimpleData name="KGISVillageID">30092</SimpleData>
				<SimpleData name="KGISWardID">94</SimpleData>
				<SimpleData name="OBJECTID">300</SimpleData>
			</SchemaData>
		</ExtendedData>
		<Point>
			<coordinates>77.580544,12.97713,0</coordinates>
		</Point>
	</Placemark>
	<Placemark>
		<styleUrl>#bbmp_dry_waste_collection_centres_style</styleUrl>
		<ExtendedData>
			<SchemaData schemaUrl="#J_bbmp_dry_waste_collection_centres_SSSIISI">
				<SimpleData name="DWCCName">SUBHASH NAGAR</SimpleData>
				<SimpleData name="DepartmentCode">67</SimpleData>
				<SimpleData name="KGISCode">29572055428031620000URBMPPUGENDWC0067</SimpleData>
				<SimpleData name="KGISDWCCID">67</SimpleData>
				<SimpleData name="KGISVillageID">30092</SimpleData>
				<SimpleData name="KGISWardID">95</SimpleData>
				<SimpleData name="OBJECTID">301</SimpleData>
			</SchemaData>
		</ExtendedData>
		<Point>
			<coordinates>77.58051,12.977087,0</coordinates>
		</Point>
	</Placemark>
	<Placemark>
		<styleUrl>#bbmp_dry_waste_collection_centres_style</styleUrl>
		<ExtendedData>
			<SchemaData schemaUrl="#J_bbmp_dry_waste_collection_centres_SSSIISI">
				<SimpleData name="DWCCName">OKALIPURAM</SimpleData>
				<SimpleData name="DepartmentCode">68</SimpleData>
				<SimpleData name="KGISCode">29572055428031620000URBMPPUGENDWC0068</SimpleData>
				<SimpleData name="KGISDWCCID">68</SimpleData>
				<SimpleData name="KGISVillageID">15481</SimpleData>
				<SimpleData name="KGISWardID">96</SimpleData>
				<SimpleData name="OBJECTID">302</SimpleData>
			</SchemaData>
		</ExtendedData>
		<Point>
			<coordinates>77.56635199999999,12.98598,0</coordinates>
		</Point>
	</Placemark>
	<Placemark>
		<styleUrl>#bbmp_dry_waste_collection_centres_style</styleUrl>
		<ExtendedData>
			<SchemaData schemaUrl="#J_bbmp_dry_waste_collection_centres_SSSIISI">
				<SimpleData name="DWCCName">PRAKASH NAGAR</SimpleData>
				<SimpleData name="DepartmentCode">69</SimpleData>
				<SimpleData name="KGISCode">29572055428031620000URBMPPUGENDWC0069</SimpleData>
				<SimpleData name="KGISDWCCID">69</SimpleData>
				<SimpleData name="KGISVillageID">15481</SimpleData>
				<SimpleData name="KGISWardID">98</SimpleData>
				<SimpleData name="OBJECTID">303</SimpleData>
			</SchemaData>
		</ExtendedData>
		<Point>
			<coordinates>77.55719000000001,12.996051,0</coordinates>
		</Point>
	</Placemark>
	<Placemark>
		<styleUrl>#bbmp_dry_waste_collection_centres_style</styleUrl>
		<ExtendedData>
			<SchemaData schemaUrl="#J_bbmp_dry_waste_collection_centres_SSSIISI">
				<SimpleData name="DWCCName">BYATRAYANAPURA</SimpleData>
				<SimpleData name="DepartmentCode">7</SimpleData>
				<SimpleData name="KGISCode">29572055428031620000URBMPPUGENDWC0007</SimpleData>
				<SimpleData name="KGISDWCCID">7</SimpleData>
				<SimpleData name="KGISVillageID">15392</SimpleData>
				<SimpleData name="KGISWardID">7</SimpleData>
				<SimpleData name="OBJECTID">304</SimpleData>
			</SchemaData>
		</ExtendedData>
		<Point>
			<coordinates>77.591178,13.05887,0</coordinates>
		</Point>
	</Placemark>
	<Placemark>
		<styleUrl>#bbmp_dry_waste_collection_centres_style</styleUrl>
		<ExtendedData>
			<SchemaData schemaUrl="#J_bbmp_dry_waste_collection_centres_SSSIISI">
				<SimpleData name="DWCCName">RAJAJI NAGAR</SimpleData>
				<SimpleData name="DepartmentCode">70</SimpleData>
				<SimpleData name="KGISCode">29572055428031620000URBMPPUGENDWC0070</SimpleData>
				<SimpleData name="KGISDWCCID">70</SimpleData>
				<SimpleData name="KGISVillageID">15481</SimpleData>
				<SimpleData name="KGISWardID">99</SimpleData>
				<SimpleData name="OBJECTID">305</SimpleData>
			</SchemaData>
		</ExtendedData>
		<Point>
			<coordinates>77.551682,12.99585,0</coordinates>
		</Point>
	</Placemark>
	<Placemark>
		<styleUrl>#bbmp_dry_waste_collection_centres_style</styleUrl>
		<ExtendedData>
			<SchemaData schemaUrl="#J_bbmp_dry_waste_collection_centres_SSSIISI">
				<SimpleData name="DWCCName">KAMAKSHIPALYA</SimpleData>
				<SimpleData name="DepartmentCode">71</SimpleData>
				<SimpleData name="KGISCode">29572055428031620000URBMPPUGENDWC0071</SimpleData>
				<SimpleData name="KGISDWCCID">71</SimpleData>
				<SimpleData name="KGISVillageID">15494</SimpleData>
				<SimpleData name="KGISWardID">101</SimpleData>
				<SimpleData name="OBJECTID">306</SimpleData>
			</SchemaData>
		</ExtendedData>
		<Point>
			<coordinates>77.529628,12.98383,0</coordinates>
		</Point>
	</Placemark>
	<Placemark>
		<styleUrl>#bbmp_dry_waste_collection_centres_style</styleUrl>
		<ExtendedData>
			<SchemaData schemaUrl="#J_bbmp_dry_waste_collection_centres_SSSIISI">
				<SimpleData name="DWCCName">VRUSHABHAVATHI NAGAR</SimpleData>
				<SimpleData name="DepartmentCode">72</SimpleData>
				<SimpleData name="KGISCode">29572055428031620000URBMPPUGENDWC0072</SimpleData>
				<SimpleData name="KGISDWCCID">72</SimpleData>
				<SimpleData name="KGISVillageID">15494</SimpleData>
				<SimpleData name="KGISWardID">102</SimpleData>
				<SimpleData name="OBJECTID">307</SimpleData>
			</SchemaData>
		</ExtendedData>
		<Point>
			<coordinates>77.529096,12.99233,0</coordinates>
		</Point>
	</Placemark>
	<Placemark>
		<styleUrl>#bbmp_dry_waste_collection_centres_style</styleUrl>
		<ExtendedData>
			<SchemaData schemaUrl="#J_bbmp_dry_waste_collection_centres_SSSIISI">
				<SimpleData name="DWCCName">KAVERIPURA</SimpleData>
				<SimpleData name="DepartmentCode">73</SimpleData>
				<SimpleData name="KGISCode">29572055428031620000URBMPPUGENDWC0073</SimpleData>
				<SimpleData name="KGISDWCCID">73</SimpleData>
				<SimpleData name="KGISVillageID">15485</SimpleData>
				<SimpleData name="KGISWardID">103</SimpleData>
				<SimpleData name="OBJECTID">308</SimpleData>
			</SchemaData>
		</ExtendedData>
		<Point>
			<coordinates>77.52675000000001,12.978669,0</coordinates>
		</Point>
	</Placemark>
	<Placemark>
		<styleUrl>#bbmp_dry_waste_collection_centres_style</styleUrl>
		<ExtendedData>
			<SchemaData schemaUrl="#J_bbmp_dry_waste_collection_centres_SSSIISI">
				<SimpleData name="DWCCName">GOVINDRAJA NAGAR</SimpleData>
				<SimpleData name="DepartmentCode">74</SimpleData>
				<SimpleData name="KGISCode">29572055428031620000URBMPPUGENDWC0074</SimpleData>
				<SimpleData name="KGISDWCCID">74</SimpleData>
				<SimpleData name="KGISVillageID">15116</SimpleData>
				<SimpleData name="KGISWardID">104</SimpleData>
				<SimpleData name="OBJECTID">309</SimpleData>
			</SchemaData>
		</ExtendedData>
		<Point>
			<coordinates>77.539117,12.97326,0</coordinates>
		</Point>
	</Placemark>
	<Placemark>
		<styleUrl>#bbmp_dry_waste_collection_centres_style</styleUrl>
		<ExtendedData>
			<SchemaData schemaUrl="#J_bbmp_dry_waste_collection_centres_SSSIISI">
				<SimpleData name="DWCCName">AGRAHARA DASARAHALLI</SimpleData>
				<SimpleData name="DepartmentCode">75</SimpleData>
				<SimpleData name="KGISCode">29572055428031620000URBMPPUGENDWC0075</SimpleData>
				<SimpleData name="KGISDWCCID">75</SimpleData>
				<SimpleData name="KGISVillageID">15115</SimpleData>
				<SimpleData name="KGISWardID">105</SimpleData>
				<SimpleData name="OBJECTID">310</SimpleData>
			</SchemaData>
		</ExtendedData>
		<Point>
			<coordinates>77.54660800000001,12.97626,0</coordinates>
		</Point>
	</Placemark>
	<Placemark>
		<styleUrl>#bbmp_dry_waste_collection_centres_style</styleUrl>
		<ExtendedData>
			<SchemaData schemaUrl="#J_bbmp_dry_waste_collection_centres_SSSIISI">
				<SimpleData name="DWCCName">DR RAJKUMAR WARD</SimpleData>
				<SimpleData name="DepartmentCode">76</SimpleData>
				<SimpleData name="KGISCode">29572055428031620000URBMPPUGENDWC0076</SimpleData>
				<SimpleData name="KGISDWCCID">76</SimpleData>
				<SimpleData name="KGISVillageID">15115</SimpleData>
				<SimpleData name="KGISWardID">106</SimpleData>
				<SimpleData name="OBJECTID">311</SimpleData>
			</SchemaData>
		</ExtendedData>
		<Point>
			<coordinates>77.548512,12.98377,0</coordinates>
		</Point>
	</Placemark>
	<Placemark>
		<styleUrl>#bbmp_dry_waste_collection_centres_style</styleUrl>
		<ExtendedData>
			<SchemaData schemaUrl="#J_bbmp_dry_waste_collection_centres_SSSIISI">
				<SimpleData name="DWCCName">SRIRAMAMANDIR</SimpleData>
				<SimpleData name="DepartmentCode">77</SimpleData>
				<SimpleData name="KGISCode">29572055428031620000URBMPPUGENDWC0077</SimpleData>
				<SimpleData name="KGISDWCCID">77</SimpleData>
				<SimpleData name="KGISVillageID">15481</SimpleData>
				<SimpleData name="KGISWardID">108</SimpleData>
				<SimpleData name="OBJECTID">312</SimpleData>
			</SchemaData>
		</ExtendedData>
		<Point>
			<coordinates>77.55730800000001,12.99777,0</coordinates>
		</Point>
	</Placemark>
	<Placemark>
		<styleUrl>#bbmp_dry_waste_collection_centres_style</styleUrl>
		<ExtendedData>
			<SchemaData schemaUrl="#J_bbmp_dry_waste_collection_centres_SSSIISI">
				<SimpleData name="DWCCName">CHICKPETE</SimpleData>
				<SimpleData name="DepartmentCode">78</SimpleData>
				<SimpleData name="KGISCode">29572055428031620000URBMPPUGENDWC0078</SimpleData>
				<SimpleData name="KGISDWCCID">78</SimpleData>
				<SimpleData name="KGISVillageID">30092</SimpleData>
				<SimpleData name="KGISWardID">109</SimpleData>
				<SimpleData name="OBJECTID">313</SimpleData>
			</SchemaData>
		</ExtendedData>
		<Point>
			<coordinates>77.580951,12.97712,0</coordinates>
		</Point>
	</Placemark>
	<Placemark>
		<styleUrl>#bbmp_dry_waste_collection_centres_style</styleUrl>
		<ExtendedData>
			<SchemaData schemaUrl="#J_bbmp_dry_waste_collection_centres_SSSIISI">
				<SimpleData name="DWCCName">SAMPANGIRAMNAGAR</SimpleData>
				<SimpleData name="DepartmentCode">79</SimpleData>
				<SimpleData name="KGISCode">29572055428031620000URBMPPUGENDWC0079</SimpleData>
				<SimpleData name="KGISDWCCID">79</SimpleData>
				<SimpleData name="KGISVillageID">30092</SimpleData>
				<SimpleData name="KGISWardID">110</SimpleData>
				<SimpleData name="OBJECTID">314</SimpleData>
			</SchemaData>
		</ExtendedData>
		<Point>
			<coordinates>77.601827,12.98385,0</coordinates>
		</Point>
	</Placemark>
	<Placemark>
		<styleUrl>#bbmp_dry_waste_collection_centres_style</styleUrl>
		<ExtendedData>
			<SchemaData schemaUrl="#J_bbmp_dry_waste_collection_centres_SSSIISI">
				<SimpleData name="DWCCName">KODIGEHALLI</SimpleData>
				<SimpleData name="DepartmentCode">8</SimpleData>
				<SimpleData name="KGISCode">29572055428031620000URBMPPUGENDWC0008</SimpleData>
				<SimpleData name="KGISDWCCID">8</SimpleData>
				<SimpleData name="KGISVillageID">15397</SimpleData>
				<SimpleData name="KGISWardID">8</SimpleData>
				<SimpleData name="OBJECTID">315</SimpleData>
			</SchemaData>
		</ExtendedData>
		<Point>
			<coordinates>77.583674,13.06414,0</coordinates>
		</Point>
	</Placemark>
	<Placemark>
		<styleUrl>#bbmp_dry_waste_collection_centres_style</styleUrl>
		<ExtendedData>
			<SchemaData schemaUrl="#J_bbmp_dry_waste_collection_centres_SSSIISI">
				<SimpleData name="DWCCName">SHANTHALANAGAR</SimpleData>
				<SimpleData name="DepartmentCode">80</SimpleData>
				<SimpleData name="KGISCode">29572055428031620000URBMPPUGENDWC0080</SimpleData>
				<SimpleData name="KGISDWCCID">80</SimpleData>
				<SimpleData name="KGISVillageID">30092</SimpleData>
				<SimpleData name="KGISWardID">111</SimpleData>
				<SimpleData name="OBJECTID">316</SimpleData>
			</SchemaData>
		</ExtendedData>
		<Point>
			<coordinates>77.61450600000001,12.96477,0</coordinates>
		</Point>
	</Placemark>
	<Placemark>
		<styleUrl>#bbmp_dry_waste_collection_centres_style</styleUrl>
		<ExtendedData>
			<SchemaData schemaUrl="#J_bbmp_dry_waste_collection_centres_SSSIISI">
				<SimpleData name="DWCCName">DOMLUR</SimpleData>
				<SimpleData name="DepartmentCode">81</SimpleData>
				<SimpleData name="KGISCode">29572055428031620000URBMPPUGENDWC0081</SimpleData>
				<SimpleData name="KGISDWCCID">81</SimpleData>
				<SimpleData name="KGISVillageID">15093</SimpleData>
				<SimpleData name="KGISWardID">112</SimpleData>
				<SimpleData name="OBJECTID">317</SimpleData>
			</SchemaData>
		</ExtendedData>
		<Point>
			<coordinates>77.6401,12.96108,0</coordinates>
		</Point>
	</Placemark>
	<Placemark>
		<styleUrl>#bbmp_dry_waste_collection_centres_style</styleUrl>
		<ExtendedData>
			<SchemaData schemaUrl="#J_bbmp_dry_waste_collection_centres_SSSIISI">
				<SimpleData name="DWCCName">AGARAM</SimpleData>
				<SimpleData name="DepartmentCode">82</SimpleData>
				<SimpleData name="KGISCode">29572055428031620000URBMPPUGENDWC0082</SimpleData>
				<SimpleData name="KGISDWCCID">82</SimpleData>
				<SimpleData name="KGISVillageID">15149</SimpleData>
				<SimpleData name="KGISWardID">114</SimpleData>
				<SimpleData name="OBJECTID">318</SimpleData>
			</SchemaData>
		</ExtendedData>
		<Point>
			<coordinates>77.617322,12.95623,0</coordinates>
		</Point>
	</Placemark>
	<Placemark>
		<styleUrl>#bbmp_dry_waste_collection_centres_style</styleUrl>
		<ExtendedData>
			<SchemaData schemaUrl="#J_bbmp_dry_waste_collection_centres_SSSIISI">
				<SimpleData name="DWCCName">VANNIGARAPET</SimpleData>
				<SimpleData name="DepartmentCode">83</SimpleData>
				<SimpleData name="KGISCode">29572055428031620000URBMPPUGENDWC0083</SimpleData>
				<SimpleData name="KGISDWCCID">83</SimpleData>
				<SimpleData name="KGISVillageID">15117</SimpleData>
				<SimpleData name="KGISWardID">115</SimpleData>
				<SimpleData name="OBJECTID">319</SimpleData>
			</SchemaData>
		</ExtendedData>
		<Point>
			<coordinates>77.618399,12.95335,0</coordinates>
		</Point>
	</Placemark>
	<Placemark>
		<styleUrl>#bbmp_dry_waste_collection_centres_style</styleUrl>
		<ExtendedData>
			<SchemaData schemaUrl="#J_bbmp_dry_waste_collection_centres_SSSIISI">
				<SimpleData name="DWCCName">NEELASANDRA</SimpleData>
				<SimpleData name="DepartmentCode">84</SimpleData>
				<SimpleData name="KGISCode">29572055428031620000URBMPPUGENDWC0084</SimpleData>
				<SimpleData name="KGISDWCCID">84</SimpleData>
				<SimpleData name="KGISVillageID">15530</SimpleData>
				<SimpleData name="KGISWardID">116</SimpleData>
				<SimpleData name="OBJECTID">320</SimpleData>
			</SchemaData>
		</ExtendedData>
		<Point>
			<coordinates>77.617547,12.95048,0</coordinates>
		</Point>
	</Placemark>
	<Placemark>
		<styleUrl>#bbmp_dry_waste_collection_centres_style</styleUrl>
		<ExtendedData>
			<SchemaData schemaUrl="#J_bbmp_dry_waste_collection_centres_SSSIISI">
				<SimpleData name="DWCCName">COTTONPETE</SimpleData>
				<SimpleData name="DepartmentCode">85</SimpleData>
				<SimpleData name="KGISCode">29572055428031620000URBMPPUGENDWC0085</SimpleData>
				<SimpleData name="KGISDWCCID">85</SimpleData>
				<SimpleData name="KGISVillageID">15108</SimpleData>
				<SimpleData name="KGISWardID">120</SimpleData>
				<SimpleData name="OBJECTID">321</SimpleData>
			</SchemaData>
		</ExtendedData>
		<Point>
			<coordinates>77.564303,12.96816,0</coordinates>
		</Point>
	</Placemark>
	<Placemark>
		<styleUrl>#bbmp_dry_waste_collection_centres_style</styleUrl>
		<ExtendedData>
			<SchemaData schemaUrl="#J_bbmp_dry_waste_collection_centres_SSSIISI">
				<SimpleData name="DWCCName">BINNIPETE</SimpleData>
				<SimpleData name="DepartmentCode">86</SimpleData>
				<SimpleData name="KGISCode">29572055428031620000URBMPPUGENDWC0086</SimpleData>
				<SimpleData name="KGISDWCCID">86</SimpleData>
				<SimpleData name="KGISVillageID">15108</SimpleData>
				<SimpleData name="KGISWardID">121</SimpleData>
				<SimpleData name="OBJECTID">322</SimpleData>
			</SchemaData>
		</ExtendedData>
		<Point>
			<coordinates>77.56358400000001,12.96746,0</coordinates>
		</Point>
	</Placemark>
	<Placemark>
		<styleUrl>#bbmp_dry_waste_collection_centres_style</styleUrl>
		<ExtendedData>
			<SchemaData schemaUrl="#J_bbmp_dry_waste_collection_centres_SSSIISI">
				<SimpleData name="DWCCName">VIJAYNAGARA</SimpleData>
				<SimpleData name="DepartmentCode">87</SimpleData>
				<SimpleData name="KGISCode">29572055428031620000URBMPPUGENDWC0087</SimpleData>
				<SimpleData name="KGISDWCCID">87</SimpleData>
				<SimpleData name="KGISVillageID">15116</SimpleData>
				<SimpleData name="KGISWardID">123</SimpleData>
				<SimpleData name="OBJECTID">323</SimpleData>
			</SchemaData>
		</ExtendedData>
		<Point>
			<coordinates>77.545374,12.97389,0</coordinates>
		</Point>
	</Placemark>
	<Placemark>
		<styleUrl>#bbmp_dry_waste_collection_centres_style</styleUrl>
		<ExtendedData>
			<SchemaData schemaUrl="#J_bbmp_dry_waste_collection_centres_SSSIISI">
				<SimpleData name="DWCCName">MARENAHALI</SimpleData>
				<SimpleData name="DepartmentCode">88</SimpleData>
				<SimpleData name="KGISCode">29572055428031620000URBMPPUGENDWC0088</SimpleData>
				<SimpleData name="KGISDWCCID">88</SimpleData>
				<SimpleData name="KGISVillageID">15116</SimpleData>
				<SimpleData name="KGISWardID">125</SimpleData>
				<SimpleData name="OBJECTID">324</SimpleData>
			</SchemaData>
		</ExtendedData>
		<Point>
			<coordinates>77.536998,12.97031,0</coordinates>
		</Point>
	</Placemark>
	<Placemark>
		<styleUrl>#bbmp_dry_waste_collection_centres_style</styleUrl>
		<ExtendedData>
			<SchemaData schemaUrl="#J_bbmp_dry_waste_collection_centres_SSSIISI">
				<SimpleData name="DWCCName">MARUTHI MANDIR</SimpleData>
				<SimpleData name="DepartmentCode">89</SimpleData>
				<SimpleData name="KGISCode">29572055428031620000URBMPPUGENDWC0089</SimpleData>
				<SimpleData name="KGISDWCCID">89</SimpleData>
				<SimpleData name="KGISVillageID">15488</SimpleData>
				<SimpleData name="KGISWardID">126</SimpleData>
				<SimpleData name="OBJECTID">325</SimpleData>
			</SchemaData>
		</ExtendedData>
		<Point>
			<coordinates>77.526477,12.96551,0</coordinates>
		</Point>
	</Placemark>
	<Placemark>
		<styleUrl>#bbmp_dry_waste_collection_centres_style</styleUrl>
		<ExtendedData>
			<SchemaData schemaUrl="#J_bbmp_dry_waste_collection_centres_SSSIISI">
				<SimpleData name="DWCCName">VIDYARANYAPURA</SimpleData>
				<SimpleData name="DepartmentCode">9</SimpleData>
				<SimpleData name="KGISCode">29572055428031620000URBMPPUGENDWC0009</SimpleData>
				<SimpleData name="KGISDWCCID">9</SimpleData>
				<SimpleData name="KGISVillageID">15436</SimpleData>
				<SimpleData name="KGISWardID">9</SimpleData>
				<SimpleData name="OBJECTID">326</SimpleData>
			</SchemaData>
		</ExtendedData>
		<Point>
			<coordinates>77.56374099999999,13.06893,0</coordinates>
		</Point>
	</Placemark>
	<Placemark>
		<styleUrl>#bbmp_dry_waste_collection_centres_style</styleUrl>
		<ExtendedData>
			<SchemaData schemaUrl="#J_bbmp_dry_waste_collection_centres_SSSIISI">
				<SimpleData name="DWCCName">MUDALAPALYA</SimpleData>
				<SimpleData name="DepartmentCode">90</SimpleData>
				<SimpleData name="KGISCode">29572055428031620000URBMPPUGENDWC0090</SimpleData>
				<SimpleData name="KGISDWCCID">90</SimpleData>
				<SimpleData name="KGISVillageID">15488</SimpleData>
				<SimpleData name="KGISWardID">127</SimpleData>
				<SimpleData name="OBJECTID">327</SimpleData>
			</SchemaData>
		</ExtendedData>
		<Point>
			<coordinates>77.518269,12.96572,0</coordinates>
		</Point>
	</Placemark>
	<Placemark>
		<styleUrl>#bbmp_dry_waste_collection_centres_style</styleUrl>
		<ExtendedData>
			<SchemaData schemaUrl="#J_bbmp_dry_waste_collection_centres_SSSIISI">
				<SimpleData name="DWCCName">NAGARBHAVI</SimpleData>
				<SimpleData name="DepartmentCode">91</SimpleData>
				<SimpleData name="KGISCode">29572055428031620000URBMPPUGENDWC0091</SimpleData>
				<SimpleData name="KGISDWCCID">91</SimpleData>
				<SimpleData name="KGISVillageID">15462</SimpleData>
				<SimpleData name="KGISWardID">128</SimpleData>
				<SimpleData name="OBJECTID">328</SimpleData>
			</SchemaData>
		</ExtendedData>
		<Point>
			<coordinates>77.524947,12.95838,0</coordinates>
		</Point>
	</Placemark>
	<Placemark>
		<styleUrl>#bbmp_dry_waste_collection_centres_style</styleUrl>
		<ExtendedData>
			<SchemaData schemaUrl="#J_bbmp_dry_waste_collection_centres_SSSIISI">
				<SimpleData name="DWCCName">ULLALU</SimpleData>
				<SimpleData name="DepartmentCode">92</SimpleData>
				<SimpleData name="KGISCode">29572055428031620000URBMPPUGENDWC0092</SimpleData>
				<SimpleData name="KGISDWCCID">92</SimpleData>
				<SimpleData name="KGISVillageID">15604</SimpleData>
				<SimpleData name="KGISWardID">130</SimpleData>
				<SimpleData name="OBJECTID">329</SimpleData>
			</SchemaData>
		</ExtendedData>
		<Point>
			<coordinates>77.491462,12.93156,0</coordinates>
		</Point>
	</Placemark>
	<Placemark>
		<styleUrl>#bbmp_dry_waste_collection_centres_style</styleUrl>
		<ExtendedData>
			<SchemaData schemaUrl="#J_bbmp_dry_waste_collection_centres_SSSIISI">
				<SimpleData name="DWCCName">ATTIGUPPE</SimpleData>
				<SimpleData name="DepartmentCode">93</SimpleData>
				<SimpleData name="KGISCode">29572055428031620000URBMPPUGENDWC0093</SimpleData>
				<SimpleData name="KGISDWCCID">93</SimpleData>
				<SimpleData name="KGISVillageID">15116</SimpleData>
				<SimpleData name="KGISWardID">132</SimpleData>
				<SimpleData name="OBJECTID">330</SimpleData>
			</SchemaData>
		</ExtendedData>
		<Point>
			<coordinates>77.52923800000001,12.95628,0</coordinates>
		</Point>
	</Placemark>
	<Placemark>
		<styleUrl>#bbmp_dry_waste_collection_centres_style</styleUrl>
		<ExtendedData>
			<SchemaData schemaUrl="#J_bbmp_dry_waste_collection_centres_SSSIISI">
				<SimpleData name="DWCCName">HAMPINAGAR</SimpleData>
				<SimpleData name="DepartmentCode">94</SimpleData>
				<SimpleData name="KGISCode">29572055428031620000URBMPPUGENDWC0094</SimpleData>
				<SimpleData name="KGISDWCCID">94</SimpleData>
				<SimpleData name="KGISVillageID">15084</SimpleData>
				<SimpleData name="KGISWardID">133</SimpleData>
				<SimpleData name="OBJECTID">331</SimpleData>
			</SchemaData>
		</ExtendedData>
		<Point>
			<coordinates>77.53786700000001,12.95077,0</coordinates>
		</Point>
	</Placemark>
	<Placemark>
		<styleUrl>#bbmp_dry_waste_collection_centres_style</styleUrl>
		<ExtendedData>
			<SchemaData schemaUrl="#J_bbmp_dry_waste_collection_centres_SSSIISI">
				<SimpleData name="DWCCName">PADARAYANAPURA</SimpleData>
				<SimpleData name="DepartmentCode">95</SimpleData>
				<SimpleData name="KGISCode">29572055428031620000URBMPPUGENDWC0095</SimpleData>
				<SimpleData name="KGISDWCCID">95</SimpleData>
				<SimpleData name="KGISVillageID">15116</SimpleData>
				<SimpleData name="KGISWardID">135</SimpleData>
				<SimpleData name="OBJECTID">332</SimpleData>
			</SchemaData>
		</ExtendedData>
		<Point>
			<coordinates>77.55020500000001,12.96316,0</coordinates>
		</Point>
	</Placemark>
	<Placemark>
		<styleUrl>#bbmp_dry_waste_collection_centres_style</styleUrl>
		<ExtendedData>
			<SchemaData schemaUrl="#J_bbmp_dry_waste_collection_centres_SSSIISI">
				<SimpleData name="DWCCName">JAGAJIVANARAM NAGAR</SimpleData>
				<SimpleData name="DepartmentCode">96</SimpleData>
				<SimpleData name="KGISCode">29572055428031620000URBMPPUGENDWC0096</SimpleData>
				<SimpleData name="KGISDWCCID">96</SimpleData>
				<SimpleData name="KGISVillageID">15116</SimpleData>
				<SimpleData name="KGISWardID">136</SimpleData>
				<SimpleData name="OBJECTID">333</SimpleData>
			</SchemaData>
		</ExtendedData>
		<Point>
			<coordinates>77.552131,12.9604,0</coordinates>
		</Point>
	</Placemark>
	<Placemark>
		<styleUrl>#bbmp_dry_waste_collection_centres_style</styleUrl>
		<ExtendedData>
			<SchemaData schemaUrl="#J_bbmp_dry_waste_collection_centres_SSSIISI">
				<SimpleData name="DWCCName">RAYAPURAM</SimpleData>
				<SimpleData name="DepartmentCode">97</SimpleData>
				<SimpleData name="KGISCode">29572055428031620000URBMPPUGENDWC0097</SimpleData>
				<SimpleData name="KGISDWCCID">97</SimpleData>
				<SimpleData name="KGISVillageID">15081</SimpleData>
				<SimpleData name="KGISWardID">137</SimpleData>
				<SimpleData name="OBJECTID">334</SimpleData>
			</SchemaData>
		</ExtendedData>
		<Point>
			<coordinates>77.554676,12.9645,0</coordinates>
		</Point>
	</Placemark>
	<Placemark>
		<styleUrl>#bbmp_dry_waste_collection_centres_style</styleUrl>
		<ExtendedData>
			<SchemaData schemaUrl="#J_bbmp_dry_waste_collection_centres_SSSIISI">
				<SimpleData name="DWCCName">CHELVADI PALYA</SimpleData>
				<SimpleData name="DepartmentCode">98</SimpleData>
				<SimpleData name="KGISCode">29572055428031620000URBMPPUGENDWC0098</SimpleData>
				<SimpleData name="KGISDWCCID">98</SimpleData>
				<SimpleData name="KGISVillageID">30092</SimpleData>
				<SimpleData name="KGISWardID">138</SimpleData>
				<SimpleData name="OBJECTID">335</SimpleData>
			</SchemaData>
		</ExtendedData>
		<Point>
			<coordinates>77.567195,12.96546,0</coordinates>
		</Point>
	</Placemark>
	<Placemark>
		<styleUrl>#bbmp_dry_waste_collection_centres_style</styleUrl>
		<ExtendedData>
			<SchemaData schemaUrl="#J_bbmp_dry_waste_collection_centres_SSSIISI">
				<SimpleData name="DWCCName">K R MARKET</SimpleData>
				<SimpleData name="DepartmentCode">99</SimpleData>
				<SimpleData name="KGISCode">29572055428031620000URBMPPUGENDWC0099</SimpleData>
				<SimpleData name="KGISDWCCID">99</SimpleData>
				<SimpleData name="KGISVillageID">30092</SimpleData>
				<SimpleData name="KGISWardID">139</SimpleData>
				<SimpleData name="OBJECTID">336</SimpleData>
			</SchemaData>
		</ExtendedData>
		<Point>
			<coordinates>77.576196,12.9665,0</coordinates>
		</Point>
	</Placemark>
</Document>
</kml>
